Title,Author,Category,Key Element
The Hunt for Red October,Tom Clancy,Political/Military Thriller,Cold War Espionage & Submarines
Red Storm Rising,Tom Clancy,Political/Military Thriller,Geopolitics & Tactical Operations
The Cardinal of the Kremlin,Tom Clancy,Political Thriller,Spy Networks & Weapons Tech
Tinker Tailor Soldier Spy,John le Carré,Political Thriller,Mole Hunting & Bureaucracy
The Spy Who Came in from the Cold,John le Carré,Political Thriller,Psychological Warfare & Betrayal
The Day of the Jackal,Frederick Forsyth,Political Thriller,Assassination & Manhunt
Zero Day,Mark Russinovich,Cybersecurity Thriller,Malware & Critical Infrastructure
Trojan Horse,Mark Russinovich,Cybersecurity Thriller,State-Sponsored Digital Espionage
Rogue Code,Mark Russinovich,Cybersecurity Thriller,Financial Tech & Stock Exploits
CyberStorm,Matthew Mather,Cybersecurity Thriller,Social Engineering & Grid Collapse
Ghost Fleet,P.W. Singer & August Cole,Military/Cyber Thriller,Near-Future Global Conflict
Kill Decision,Daniel Suarez,Tech/Cyber Thriller,Autonomous Drones & InfoSec
Avogadro Corp,William Hertling,Cyber Thriller,AI Optimization & Corporate Espionage
The Girl with the Dragon Tattoo,Stieg Larsson,Cyber/Political Thriller,Hacker Protagonist & Corruption
The Cuckoo's Egg,Cliff Stoll,Cyber Thriller (Non-Fiction),Digital Forensics & Early Hacking
Sandworm,Andy Greenberg,Cyber Geopolitics (Non-Fiction),Russian Hackers & Power Grids
Countdown to Zero Day,Kim Zetter,Cyber Geopolitics (Non-Fiction),Stuxnet & Digital Sabotage
This Is How They Tell Me the World Ends,Nicole Perlroth,Cyber Geopolitics (Non-Fiction),Zero-Day Markets
Ghost in the Wires,Kevin Mitnick,Cyber Thriller (Non-Fiction),Social Engineering & Fugitive Run
Dark Territory,Fred Kaplan,Cyber History (Non-Fiction),US Cyber Strategy & Warfare
Propaganda,Edward Bernays,Political Psychology (Non-Fiction),Public Relations & Mass Manipulation
1984,George Orwell,Classic Political Thriller,Surveillance & State Control
Animal Farm,George Orwell,Classic Political Allegory,Totalitarianism
Fahrenheit 451,Ray Bradbury,Classic Dystopian Thriller,Censorship & Mass Media
The Manchurian Candidate,Richard Condon,Political Thriller,Brainwashing & Covert Plots
Executive Orders,Tom Clancy,Political Thriller,Government Continuity & Bio-Terror
The Bourne Identity,Robert Ludlum,Political Thriller,Amnesia & Black Ops
Kill Process,William Hertling,Cyber Thriller,Hacktivism & Social Network Exploits
Zer0es,Chuck Wendig,Cyber Thriller,Underground Hackers & State Surveillance
The Blue Nowhere,Jeffery Deaver,Cyber Thriller,Social Engineering & White-Hat vs Black-Hat
Nexus,Ramez Naam,Cyber Thriller,Transhumanism & Nano-Drug Hacking
Crux,Ramez Naam,Cyber Thriller,State Crackdowns & Tech Resistance
Apex,Ramez Naam,Cyber Thriller,Global Tech War & Post-Humanism
Pattern Recognition,William Gibson,Cyber Thriller,Corporate Espionage & Digital Culture
Darknet,Matthew Mather,Cyber Thriller,Financial Hacks & Shadow Economies
Kingpin,Kevin Poulsen,Cyber Thriller (Non-Fiction),Underground Carding Markets & FBI Manhunt
We Are Anonymous,Parmy Olson,Cyber Thriller (Non-Fiction),LulzSec & Hacktivist Collectives
New Spring,Robert Jordan,Epic Fantasy,Wheel of Time Prequel & Prophecy
The Eye of the World,Robert Jordan,Epic Fantasy,Chosen One & Village Exodus
The Great Hunt,Robert Jordan,Epic Fantasy,Artifact Retrieval & Magic Systems
The Dragon Reborn,Robert Jordan,Epic Fantasy,Destiny & Expanding Lore
The Shadow Rising,Robert Jordan,Epic Fantasy,Desert Cultures & Ancient History
The Fires of Heaven,Robert Jordan,Epic Fantasy,Military Campaigns & Magic Battles
Lord of Chaos,Robert Jordan,Epic Fantasy,Political Manipulation & Factions
A Crown of Swords,Robert Jordan,Epic Fantasy,City Sieges & Power Struggles
The Path of Daggers,Robert Jordan,Epic Fantasy,Artifacts of Power & Magical Warfare
Winter's Heart,Robert Jordan,Epic Fantasy,Cleansing Magic & Assassination
Crossroads of Twilight,Robert Jordan,Epic Fantasy,Alliances & Imminent War
Knife of Dreams,Robert Jordan,Epic Fantasy,Resolving Subplots & Final Preparations
The Gathering Storm,Robert Jordan & Brandon Sanderson,Epic Fantasy,Fractured Leadership & Healing
Towers of Midnight,Robert Jordan & Brandon Sanderson,Epic Fantasy,Rescues & Shadow Armies
A Memory of Light,Robert Jordan & Brandon Sanderson,Epic Fantasy,The Last Battle & Sacrifice
We Were Soldiers Once... and Young,Lt. Gen. Harold G. Moore & Joseph L. Galloway,Military History,Vietnam War & Tactical Leadership
Band of Brothers,Stephen E. Ambrose,Military History,WWII Airborne & Unit Cohesion
The Gathering Storm (The Second World War),Winston S. Churchill,Military History/Memoir,WWII Lead-up & Geopolitics
Their Finest Hour (The Second World War),Winston S. Churchill,Military History/Memoir,WWII Early Conflict & Resilience
Crusade in Europe,Dwight D. Eisenhower,Military History/Memoir,WWII Supreme Command & Logistics
Personal Memoirs of U.S. Grant,Ulysses S. Grant,Military History/Memoir,American Civil War & Strategic Vision
Thunder Below!,Eugene B. Fluckey,Military History,WWII Submarine Warfare & Pacific Theater
Thirty Seconds Over Tokyo,Ted W. Lawson,Military History,WWII Doolittle Raid & Air Combat
With the Old Breed: At Peleliu and Okinawa,E.B. Sledge,Military History,WWII Pacific Theater & Infantry Combat
Helmet for My Pillow,Robert Leckie,Military History,WWII Pacific Theater & Marine Corps
Neptune's Inferno: The U.S. Navy at Guadalcanal,James D. Hornfischer,Military History,WWII Naval Warfare & Pacific Fleet
The Last Stand of the Tin Can Sailors,James D. Hornfischer,Military History,WWII Naval Warfare & Carrier Strike Groups
American Caesar: Douglas MacArthur 1880-1964,William Manchester,Biography/Military History,WWII Pacific Command & Leadership
Defeat Into Victory,Field Marshal Viscount William Slim,Military History/Memoir,WWII Burma Campaign & Rebuilding an Army
Ghost Soldiers,Hampton Sides,Military History,WWII Pacific POW Rescue & Special Operations
The Guns of August,Barbara W. Tuchman,Military History,WWI Origins & Early Campaigns
Seven Pillars of Wisdom,T.E. Lawrence,Military History/Memoir,WWI Middle East & Guerrilla Warfare
Storm of Steel,Ernst Jünger,Military History/Memoir,WWI Trench Warfare & German Perspective
Call Sign Chaos: Learning to Lead,Jim Mattis & Bing West,Military History/Memoir,Modern Warfare & Marine Leadership
It Doesn't Take a Hero,H. Norman Schwarzkopf,Military History/Memoir,Gulf War & Joint Command
The Art of War,Sun Tzu,Military Theory,Ancient Strategy & Tactical Deception
On War,Carl von Clausewitz,Military Theory,Philosophy of War & Strategic Operations
The Gallic War,Julius Caesar,Military History/Memoir,Roman Antiquity & Campaign Conquest
Meditations,Marcus Aurelius,Philosophy/Historical,Roman Leadership & Stoicism Under Fire
Howl and Other Poems,Allen Ginsberg,Beat Poetry,Counterculture & Free Verse
Kaddish and Other Poems,Allen Ginsberg,Beat Poetry,Grief & Confessional
On the Road,Jack Kerouac,Beat Literature,Wanderlust & Americana
The Dharma Bums,Jack Kerouac,Beat Literature,Zen Buddhism & Nature
Mexico City Blues,Jack Kerouac,Beat Poetry,Jazz Spontaneity & Surrealism
Gasoline,Gregory Corso,Beat Poetry,Street Life & Visionary Lyricality
The Happy Birthday of Death,Gregory Corso,Beat Poetry,Nuclear Age & Existentialism
Naked Lunch,William S. Burroughs,Beat Literature,Satire & Addiction
A Coney Island of the Mind,Lawrence Ferlinghetti,Beat Poetry,Social Critique & Jazz Rhythms
Turtle Island,Gary Snyder,Beat Poetry,Ecology & Native American Philosophy
Revolutionary Letters,Diane di Prima,Beat Poetry,Feminism & Anarchism
Steal This Book,Abbie Hoffman,Counterculture,Activism & Anti-Establishment Survival
Revolution for the Hell of It,Abbie Hoffman,Counterculture,Yippie Movement & Guerrilla Theater
Fear and Loathing in Las Vegas,Hunter S. Thompson,Gonzo Journalism,American Dream & Psychedelics
Hell's Angels,Hunter S. Thompson,Gonzo Journalism,Outlaw Motorcycle Gangs & Immersion
The Rum Diary,Hunter S. Thompson,Gonzo Journalism,Expatriate Life & Corruption
The Electric Kool-Aid Acid Test,Tom Wolfe,New Journalism,Merry Pranksters & LSD
Slouching Towards Bethlehem,Joan Didion,New Journalism,1960s California & Cultural Fragmentation
Ariel,Sylvia Plath,Confessional Poetry,Mental Illness & Female Identity
The Bell Jar,Sylvia Plath,Literary Fiction,Depression & Coming of Age
Love Is a Dog From Hell,Charles Bukowski,Transgressive Poetry,Urban Grit & Relationships
Post Office,Charles Bukowski,Transgressive Fiction,Working Class & Cynicism
The Weary Blues,Langston Hughes,Harlem Renaissance Poetry,Jazz & Black American Experience
Lunch Poems,Frank O'Hara,New York School Poetry,Urban Life & Spontaneity
The Poems of Dylan Thomas,Dylan Thomas,Modernist Poetry,Mortality & Romanticism
Selected Poems,E.E. Cummings,Modernist Poetry,Unconventional Syntax & Love
