slug,status,date_updated,notes
book-of-why,want,,
a-mans-place,want,,
cancer-ward,want,,
i-know-why-the-caged-bird-sings,want,,
if-this-is-a-man,want,,
long-walk-to-freedom,want,,
mans-search-for-meaning,want,,
narrative-of-the-life-of-frederick-douglass,want,,
one-day-in-the-life-of-ivan-denisovich,want,,
the-autobiography-of-malcolm-x,want,,
the-drowned-and-the-saved,want,,
the-gulag-archipelago,want,,
the-periodic-table,want,,
the-woman-warrior,want,,
the-years,want,,
aeneid,want,,
aesops-fables,want,,
agricola,want,,
ajax,want,,
alcestis,want,,
anabasis,want,,
annals,want,,
argonautica,want,,
ars-poetica,want,,
cyropaedia,want,,
daphnis-and-chloe,want,,
dialogues-of-the-dead,want,,
eclogues,want,,
electra-2,want,,
electra,want,,
epistles,want,,
eumenides,want,,
fasti,want,,
georgics,want,,
germania,want,,
helen,want,,
hellenica,want,,
heracles,want,,
heroides,want,,
hippolytus,want,,
histories,want,,
history-of-the-peloponnesian-war,want,,
homeric-hymns,want,,
iphigenia-in-aulis,want,,
libation-bearers,want,,
memorabilia,want,,
moralia,want,,
odes-2,want,,
odes,want,,
parallel-lives,want,,
persians,want,,
pharsalia,want,,
philoctetes,want,,
poems,want,,
poems-and-fragments,want,,
prometheus-bound,want,,
satires,want,,
satyricon,want,,
seven-against-thebes,want,,
suppliant-women,want,,
the-acharnians,want,,
the-art-of-love,want,,
the-birds,want,,
the-clouds,want,,
the-histories,want,,
the-trojan-women,want,,
the-twelve-caesars,want,,
the-wasps,want,,
true-history,want,,
women-of-trachis,want,,
artificial-intelligence-a-guide-for-thinking-humans,want,,
bursts,want,,
chaos,want,,
complexity-a-guided-tour,want,,
complexity-the-emerging-science-at-the-edge-of-order-and-chaos,want,,
emergence,want,,
everything-is-obvious,want,,
hidden-order,want,,
nonlinear-dynamics-and-chaos,want,,
order-out-of-chaos,want,,
signals-and-boundaries,want,,
six-degrees,want,,
complexity,want,,
designing-freedom,want,,
limits-to-growth,want,,
linked,want,,
network-science,want,,
sync,want,,
the-systems-view-of-life,want,,
thinking-in-systems,want,,
a-bug-hunter-s-diary,read,,
a-discipline-of-programming,want,,
a-tour-of-c,want,,
a-i,read,,
absolute-openbsd,read,,
advanced-programming-in-the-unix-environment,want,,
advances-in-cryptology-crypto-2019,read,,
algorithm-design,want,,
algorithms,want,,
algorithms-data-structures-programs,want,,
algorithms-unlocked,want,,
android-security-internals-an-in-depth-guide-to-android-s-security-architecture,read,,
arduino-project-handbook,read,,
art-of-computer-programming-vol1,want,,
art-of-computer-programming-vol2,want,,
art-of-computer-programming-vol3,want,,
articulating-design-decisions,read,,
artificial-intelligence-with-python,read,,
artificial-intelligence-a-modern-approach,want,,
attacking-network-protocols,read,,
automate-the-boring-stuff-with-python-practical-programming-for-total-beginners,read,,
automated-machine-learning,read,,
black-hat-go-go-programming-for-hackers-and-pentesters,read,,
black-hat-python,read,,
black-hat-python-python-programming-for-hackers-and-pentesters,read,,
css-the-definitive-guide,read,,
causality,want,,
clean-architecture,want,,
clean-code,want,,
cloud-native-python,read,,
code,want,,
code-complete,want,,
code-the-hidden-language-of-computer-hardware-and-software,want,,
compilers-principles-techniques-and-tools,want,,
compilers-principles-techniques-and-tools-2,want,,
computer-networks-2,want,,
computer-networks,want,,
computer-systems-a-programmers-perspective,want,,
concrete-mathematics-2,want,,
concrete-mathematics,want,,
cryptography-engineering-design-principles-and-practical-applications,read,,
cyberjutsu,read,,
cybersecurity-attack-and-defense-strategies,read,,
data-abstraction-and-hierarchy,want,,
data-science-at-the-command-line,read,,
data-visualization-with-python-and-javascript,read,,
deep-learning,want,,
design-patterns,want,,
design-sprint-a-practical-guidebook-for-building-great-digital-products,read,,
designing-across-senses,read,,
designing-bsd-rootkits,read,,
designing-data-intensive-applications,want,,
designing-voice-user-interfaces-principles-of-conversational-experiences,read,,
designing-the-user-interface,want,,
designing-with-data,read,,
digital-forensics-and-incident-response,read,,
distributed-algorithms,want,,
distributed-systems-2,want,,
distributed-systems-3,want,,
distributed-systems,want,,
distributed-systems-concepts-and-design,want,,
doing-data-science,read,,
doing-math-with-python,read,,
effective-c,want,,
effective-modern-c,want,,
elements-of-information-theory,want,,
embedded-firmware-solutions,read,,
emotionally-intelligent-design,read,,
exploring-splunk,read,,
extreme-programming-explained,want,,
foundations-of-information-security-a-straightforward-introduction,read,,
functional-differential-geometry,want,,
game-programming-in-c,want,,
godel-escher-bach,want,,
gray-hat-c,read,,
g-del-escher-bach,want,,
hadoop-the-definitive-guide,read,,
head-first-design-patterns,want,,
high-performance-images,read,,
how-linux-works-what-every-superuser-should-know,read,,
how-to-design-programs,want,,
i-am-a-strange-loop,want,,
industrial-cybersecurity,read,,
information-theory-inference-and-learning-algorithms,want,,
introduction-to-algorithms-2,want,,
introduction-to-algorithms,want,,
introduction-to-automata-theory-languages-and-computation,want,,
introduction-to-the-theory-of-computation,want,,
javascript-the-good-parts,want,,
latex-a-document-preparation-system,want,,
literate-programming,want,,
malware-data-science-attack-detection-and-attribution,read,,
metasploit,read,,
microservices-patterns,want,,
modern-operating-systems-2,want,,
modern-operating-systems,want,,
more-effective-c,want,,
more-programming-pearls,want,,
mythical-man-month,want,,
neural-network-programming-with-java-second-edition,read,,
no-silver-bullet,want,,
notes-on-programming-in-c,want,,
notes-on-structured-programming,want,,
openstack-for-architects,read,,
operating-system-concepts-2,want,,
operating-system-concepts,want,,
pattern-recognition-and-machine-learning,want,,
patterns-of-enterprise-application-architecture,want,,
penetration-testing,read,,
perl-one-liners,read,,
poc-gtfo,read,,
poc-gtfo-volume-2,read,,
practical-binary-analysis-build-your-own-linux-tools-for-binary-instrumentation-analysis-and-disassembly,read,,
practical-cyber-intelligence,read,,
practical-forensic-imaging,read,,
practical-game-ai-programming,read,,
practical-iot-hacking-the-definitive-guide-to-attacking-the-internet-of-things,read,,
practical-machine-learning,read,,
practical-packet-analysis-3rd-edition,read,,
practical-reverse-engineering,read,,
pro-git,read,,
probabilistic-reasoning-in-intelligent-systems,want,,
program-development-in-java,want,,
programming-language-pragmatics,want,,
programming-pearls,want,,
programming-with-posix-threads,want,,
rapid-development,want,,
refactoring,want,,
release-it,want,,
rootkits-and-bootkits-reversing-modern-malware-and-next-generation-threats,read,,
scope-and-closures,read,,
selected-papers-on-computer-science,want,,
selected-writings-on-computing,want,,
serious-cryptography,read,,
silence-on-the-wire,read,,
specifying-systems,want,,
statistics-for-machine-learning,read,,
structure-and-interpretation-of-computer-programs-2,want,,
structure-and-interpretation-of-computer-programs,want,,
structured-computer-organization,want,,
surreal-numbers,want,,
tcp-ip-illustrated-volume-1,want,,
the-art-of-debugging-with-gdb-ddd-and-eclipse,read,,
test-driven-development-by-example,want,,
the-algorithm-design-manual,want,,
the-art-of-computer-programming-vol-4b,want,,
the-art-of-computer-programming-volume-1,want,,
the-art-of-computer-programming-volume-2,want,,
the-art-of-computer-programming-volume-3,want,,
the-art-of-computer-programming-volume-4a,want,,
the-art-of-multiprocessor-programming,want,,
the-art-of-unix-programming,want,,
the-artist-s-guide-to-gimp-creative-techniques-for-photographers-artists-and-designers,read,,
the-book-of-gns3-build-virtual-network-labs-using-cisco-juniper-and-more,read,,
the-book-of-pf-a-no-nonsense-guide-to-the-openbsd-firewall,read,,
the-book-of-why,want,,
the-book-of-inkscape-the-definitive-guide-to-the-free-graphics-editor,read,,
the-c-programming-language,want,,
the-c-programming-language-2,want,,
the-cathedral-and-the-bazaar,want,,
the-datacenter-as-a-computer,want,,
the-design-of-everyday-things,want,,
the-elements-of-statistical-learning,want,,
the-gnu-make-book,read,,
the-ghidra-book-the-definitive-guide,read,,
the-ida-pro-book,read,,
the-linux-command-line,read,,
the-linux-programming-interface,read,,
the-mythical-man-month,want,,
the-practice-of-programming,want,,
the-pragmatic-programmer-2,want,,
the-pragmatic-programmer,want,,
the-psychology-of-computer-programming,want,,
the-shellcoder-s-handbook-second-edition-discovering-and-exploiting-security-holes,read,,
the-unix-programming-environment,want,,
think-bayes,read,,
think-like-a-programmer,read,,
touchdevelop,read,,
tragic-design-the-impact-of-bad-product-design-and-how-to-fix-it,read,,
types-and-programming-languages,want,,
unix-network-programming-volume-1,want,,
unauthorised-access,read,,
unix-style-or-cat-v-considered-harmful,want,,
using-svg-with-css3-and-html5,read,,
vue,read,,
web-penetration-testing-with-kali-linux-third-edition,read,,
wicked-cool-shell-scripts,read,,
windows-internals-part-1-system-architecture-processes-threads-memory-management-and-more-seventh-edition-william-zujkowski-s-library,read,,
working-effectively-with-legacy-code,want,,
you-don-t-know-js-es6-amp-beyond,read,,
you-don-t-know-js-up-going,read,,
ios-application-security,read,,
a-closed-and-common-orbit,want,,
a-desolation-called-peace,want,,
a-memory-called-empire,want,,
anathem,want,,
ancillary-justice,want,,
ancillary-mercy,want,,
ancillary-sword,want,,
blindsight,want,,
children-of-ruin,want,,
children-of-time,want,,
diaspora,want,,
embassytown,want,,
exhalation,want,,
perdido-street-station,want,,
permutation-city,want,,
stories-of-your-life-and-others,want,,
the-city-the-city,want,,
the-fifth-season,want,,
the-long-way-to-a-small-angry-planet,want,,
the-obelisk-gate,want,,
the-scar,want,,
the-stone-sky,want,,
too-like-the-lightning,want,,
brain-of-the-firm,want,,
cybernetics,want,,
antifragile,want,,
black-swan,want,,
a-dolls-house,want,,
a-dream-play,want,,
a-midsummer-nights-dream,want,,
a-raisin-in-the-sun,want,,
a-streetcar-named-desire,want,,
a-view-from-the-bridge,want,,
agamemnon,want,,
all-my-sons,want,,
alls-well-that-ends-well,want,,
an-ideal-husband,want,,
angels-in-america,want,,
antigone-2,want,,
antigone,want,,
antony-and-cleopatra,want,,
arcadia,want,,
arms-and-the-man,read,,
as-you-like-it,want,,
betrayal,want,,
blasted,want,,
cat-on-a-hot-tin-roof,want,,
cloud-nine,want,,
coriolanus,want,,
crave,want,,
cymbeline,want,,
death-of-a-salesman,want,,
dutchman,want,,
endgame,want,,
fanny-s-first-play,read,,
fences,want,,
hamlet,want,,
heartbreak-house,want,,
hedda-gabler,want,,
henry-iv,want,,
henry-iv-part-1,want,,
henry-iv-part-2,want,,
henry-v,want,,
ivanov,want,,
joe-turners-come-and-gone,want,,
julius-caesar,want,,
king-lear,want,,
krapps-last-tape,want,,
lady-windermeres-fan,want,,
life-of-galileo,want,,
long-days-journey-into-night,want,,
lysistrata,want,,
ma-raineys-black-bottom,want,,
macbeth,want,,
major-barbara,want,,
man-and-superman,want,,
measure-for-measure,want,,
medea,want,,
miss-julie,want,,
molloy,want,,
mother-courage-and-her-children,want,,
mourning-becomes-electra,want,,
much-ado-about-nothing,want,,
oedipus-rex,want,,
oedipus-at-colonus,want,,
oresteia,want,,
orpheus-descending,want,,
othello,want,,
pericles,want,,
pygmalion,want,,
richard-ii,want,,
richard-iii,want,,
romeo-and-juliet,want,,
rosencrantz-and-guildenstern-are-dead,want,,
saint-joan,want,,
salom,want,,
six-characters-in-search-of-an-author,want,,
the-bacchae,want,,
the-balcony,want,,
the-birthday-party,want,,
the-caucasian-chalk-circle,want,,
the-cherry-orchard,want,,
the-comedy-of-errors,want,,
the-crucible,want,,
the-eumenides,want,,
the-father,want,,
the-flick,want,,
the-frogs,want,,
the-glass-menagerie,want,,
the-good-person-of-szechwan,want,,
the-homecoming,want,,
the-iceman-cometh,want,,
the-importance-of-being-earnest,want,,
the-libation-bearers,want,,
the-maids,want,,
the-merchant-of-venice,want,,
the-piano-lesson,want,,
the-rover,want,,
the-scarlet-letter,read,,
the-sign-of-the-four,read,,
the-taming-of-the-shrew,want,,
the-tempest,want,,
the-theater-and-its-double,want,,
the-threepenny-opera,want,,
the-winters-tale,want,,
timon-of-athens,want,,
titus-andronicus,want,,
top-girls,want,,
topdog-underdog,want,,
twelfth-night,want,,
uncle-vanya,want,,
waiting-for-godot,want,,
you-never-can-tell,read,,
for-colored-girls-who-have-considered-suicide-when-the-rainbow-is-enuf,want,,
23-things-they-dont-tell-you-about-capitalism,want,,
a-brief-history-of-equality,want,,
a-monetary-history-of-the-united-states,want,,
an-essay-on-the-principle-of-population,want,,
basic-economics,want,,
bourgeois-dignity,want,,
capital-vol-1,want,,
capital-in-the-twenty-first-century,want,,
capitalism-socialism-and-democracy,want,,
capitalism-and-freedom,want,,
capitalism-without-capital,read,,
change-agent,read,,
collective-choice-and-social-welfare,want,,
crypto,read,,
debt-the-first-5000-years,want,,
designing-bots-creating-conversational-experiences,read,,
development-as-freedom,want,,
free-to-choose,want,,
general-theory-of-employment-interest-and-money,want,,
good-economics-for-hard-times,want,,
head-first-data-analysis,read,,
human-action,want,,
kicking-away-the-ladder,want,,
knowledge-and-decisions,want,,
machiavelli-on-business,read,,
man-economy-and-state,want,,
misbehaving,want,,
nudge-2,want,,
nudge,want,,
on-the-principles-of-political-economy-and-taxation,want,,
poor-economics,want,,
prices-and-production,want,,
principles-of-political-economy,want,,
product-leadership,read,,
progress-and-poverty,read,,
prototype-to-product,read,,
public-choice-ii,want,,
religion-and-the-rise-of-capitalism,read,,
stabilizing-an-unstable-economy,want,,
the-affluent-society,want,,
the-ascent-of-money,want,,
the-big-pivot,read,,
the-calculus-of-consent,want,,
the-constitution-of-liberty,want,,
the-economic-consequences-of-the-peace,want,,
the-economics-of-imperfect-competition,want,,
the-financier,read,,
the-general-theory-of-employment-interest-and-money,want,,
the-great-transformation,want,,
the-idea-of-justice,want,,
the-logic-of-collective-action,want,,
the-mercy-of-allah,read,,
the-narrow-corridor,want,,
the-new-industrial-state,want,,
the-price-of-inequality,want,,
the-rhetoric-of-economics,want,,
the-road-to-serfdom,want,,
the-theory-of-moral-sentiments,want,,
the-theory-of-the-leisure-class,want,,
the-wealth-of-nations,want,,
thinking-fast-and-slow,want,,
why-nations-fail-2,want,,
why-nations-fail,want,,
a-field-guide-to-getting-lost,want,,
an-experiment-in-criticism,want,,
arguably,want,,
between-the-world-and-me,want,,
civil-disobedience,want,,
down-and-out-in-paris-and-london,want,,
essays,want,,
essays-and-lectures,want,,
homage-to-catalonia,want,,
letters-to-a-young-contrarian,want,,
men-explain-things-to-me,want,,
nature,want,,
nobody-knows-my-name,want,,
notes-of-a-native-son,want,,
slouching-towards-bethlehem,want,,
the-abolition-of-man,want,,
the-common-reader,want,,
the-white-album,want,,
the-year-of-magical-thinking,want,,
walden,want,,
wanderlust,want,,
why-orwell-matters,want,,
a-clash-of-kings,read,,
a-dance-with-dragons,read,,
a-day-of-fallen-night,want,,
a-deadly-education,want,,
a-feast-for-crows,read,,
a-game-of-thrones,read,,
a-storm-of-swords,read,,
a-stranger-in-olondria,want,,
a-wizard-of-earthsea,want,,
a-wizards-guide-to-defensive-baking,want,,
abhorsen,want,,
american-gods,want,,
assassins-apprentice,want,,
assassins-quest,want,,
babel,want,,
before-they-are-hanged,want,,
beren-and-l-thien,want,,
best-served-cold,want,,
black-leopard-red-wolf,want,,
black-sun,want,,
book-of-vile-darkness,read,,
book-of-the-new-sun,want,,
circe,want,,
deadhouse-gates,want,,
dogsbody,want,,
down-and-out-in-the-magic-kingdom,read,,
elric-of-melnibon,want,,
farmer-giles-of-ham,want,,
fellowship-of-the-ring,want,,
fevered-star,want,,
fevre-dream,want,,
fire-and-hemlock,want,,
fools-errand,want,,
fools-fate,want,,
gardens-of-the-moon,want,,
gideon-the-ninth,want,,
gloriana,want,,
going-postal,want,,
golden-fool,want,,
gormenghast-2,want,,
gormenghast,want,,
guards-guards,want,,
harrow-the-ninth,want,,
hobbit,want,,
house-of-chains,want,,
howls-moving-castle,want,,
jade-city,want,,
jade-legacy,want,,
jade-war,want,,
jonathan-strange-mr-norrell,want,,
lady-into-fox,read,,
last-argument-of-kings,want,,
lavinia,want,,
lirael,want,,
lord-of-emperors,want,,
lud-in-the-mist,want,,
memories-of-ice,want,,
midnight-tides,want,,
mistborn,want,,
mistress-of-mistresses,want,,
monstrous-regiment,want,,
moon-witch-spider-king,want,,
mort,want,,
nettle-bone,want,,
neverwhere,want,,
night-watch,want,,
nine-princes-in-amber,want,,
nona-the-ninth,want,,
northern-lights,want,,
oathbringer,want,,
ombria-in-shadow,want,,
paladin-of-souls,want,,
piranesi,want,,
prince-caspian,want,,
red-seas-under-red-skies,want,,
return-of-the-king,want,,
riddle-master,want,,
royal-assassin,want,,
sabriel,want,,
sailing-to-sarantium,want,,
sandman,want,,
sign-of-the-unicorn,want,,
sixteen-ways-to-defend-a-walled-city,want,,
small-gods,want,,
soldier-of-the-mist,want,,
song-for-the-basilisk,want,,
sorcerer-to-the-crown,want,,
spinning-silver,want,,
stardust,want,,
stone-of-farewell,want,,
stormbringer,want,,
tales-from-earthsea,want,,
tehanu,want,,
the-amber-spyglass,want,,
the-bear-and-the-nightingale,want,,
the-blade-itself,want,,
the-bloody-crown-of-conan,want,,
the-bonehunters,want,,
the-book-of-atrix-wolfe,want,,
the-burning-god,want,,
the-charwomans-shadow,want,,
the-children-of-h-rin,want,,
the-colour-of-magic,want,,
the-coming-of-conan-the-cimmerian,want,,
the-conquering-sword-of-conan,want,,
the-conquest-of-bread,read,,
the-courts-of-chaos,want,,
the-darkness-that-comes-before,want,,
the-dragon-republic,want,,
the-dragonbone-chair,want,,
the-eternal-champion,want,,
the-fall-of-gondolin,want,,
the-farthest-shore,want,,
the-fellowship-of-the-ring,want,,
the-forgotten-beasts-of-eld,want,,
the-girl-in-the-tower,want,,
the-goblin-emperor,want,,
the-gods-of-peg-na,want,,
the-guns-of-avalon,want,,
the-hand-of-oberon,want,,
the-hero-of-ages,want,,
the-heroes,want,,
the-hobbit,read,,
the-horse-and-his-boy,want,,
the-hundred-thousand-kingdoms,want,,
the-king-of-attolia,want,,
the-king-of-elflands-daughter,want,,
the-last-battle,want,,
the-lies-of-locke-lamora,want,,
the-lion-the-witch-and-the-wardrobe,want,,
the-lions-of-al-rassan,want,,
the-magician,read,,
the-magician-king,want,,
the-magicians-land,want,,
the-magicians-nephew,want,,
the-magicians,want,,
the-master-and-margarita,want,,
the-monster-baru-cormorant,want,,
the-name-of-the-wind,want,,
the-ocean-at-the-end-of-the-lane,want,,
the-once-and-future-king,want,,
the-other-wind,want,,
the-poppy-war,want,,
the-priory-of-the-orange-tree,want,,
the-queen-of-attolia,want,,
the-republic-of-thieves,want,,
the-return-of-the-king,want,,
the-sailor-on-the-seas-of-fate,want,,
the-scorpio-races,want,,
the-screwtape-letters,want,,
the-silmarillion,want,,
the-silver-chair,want,,
the-song-of-achilles,want,,
the-subtle-knife,want,,
the-sword-in-the-stone,want,,
the-thief,want,,
the-thousandfold-thought,want,,
the-tombs-of-atuan,want,,
the-traitor-baru-cormorant,want,,
the-true-queen,want,,
the-two-towers,want,,
the-voyage-of-the-dawn-treader,want,,
the-warrior-prophet,want,,
the-way-of-kings,want,,
the-well-of-ascension,want,,
the-winged-histories,want,,
the-winter-of-the-witch,want,,
the-wise-mans-fear,want,,
the-wizard-knight,want,,
the-worm-ouroboros,want,,
thud,want,,
tigana,want,,
till-we-have-faces,want,,
time-and-the-gods,want,,
titus-alone,want,,
titus-groan,want,,
to-green-angel-tower,want,,
transformation,want,,
two-towers,want,,
under-heaven,want,,
unfinished-tales,want,,
uprooted,want,,
wizard-of-earthsea,want,,
words-of-radiance,want,,
1491,want,,
1493,want,,
a-history-of-the-arab-peoples,want,,
africa-a-biography-of-the-continent,want,,
born-in-blood-and-fire,want,,
india-after-gandhi,want,,
king-leopolds-ghost,want,,
the-discovery-of-india,want,,
the-great-divergence,want,,
the-ottoman-empire-the-classical-age,want,,
the-penguin-history-of-latin-america,want,,
the-venture-of-islam,want,,
exit-voice-and-loyalty,want,,
institutions-institutional-change-and-economic-performance,want,,
political-order-and-political-decay,want,,
political-order-in-changing-societies,want,,
power-and-prosperity,want,,
the-art-of-not-being-governed,want,,
the-clash-of-civilizations-and-the-remaking-of-world-order,want,,
the-death-and-life-of-great-american-cities,want,,
the-end-of-history-and-the-last-man,want,,
the-origins-of-political-order,want,,
the-rhetoric-of-reaction,want,,
understanding-institutional-diversity,want,,
weapons-of-the-weak,want,,
1776,want,,
a-bid-for-fortune,read,,
a-distant-mirror,want,,
a-general-history-of-the-pirates,read,,
a-history-of-warfare,want,,
a-peoples-history-of-the-united-states,want,,
almond,read,,
an-inquiry-into-the-accordancy-of-war-with-the-principles-of-christianity,read,,
annihilation-of-caste,want,,
black-reconstruction-in-america,want,,
bloodlands,want,,
chivalry,read,,
civilization,want,,
civilization-and-capitalism,want,,
clues-myths-and-the-historical-method,want,,
collapse,want,,
commentaries-on-the-gallic-war,read,,
decline-and-fall-of-roman-empire,want,,
diverging-roads,read,,
ecological-imperialism,want,,
empire,want,,
empire-of-cotton,want,,
feudal-society,want,,
geronimo-s-story-of-his-life,read,,
gulag,want,,
guns-germs-and-steel,want,,
histories-2,want,,
homo-deus,want,,
homo-ludens,want,,
ill-fares-the-land,want,,
imagined-communities,want,,
john-adams,want,,
my-brilliant-career,read,,
oil,read,,
on-tyranny,want,,
ordinary-men,want,,
peloponnesian-war,want,,
postwar,want,,
queen-victoria,read,,
red-famine,want,,
spqr,want,,
sapiens,want,,
ten-days-that-shook-the-world,read,,
the-age-of-capital,want,,
the-age-of-empire,want,,
the-age-of-extremes,want,,
the-age-of-revolution,want,,
the-black-jacobins,want,,
the-cheese-and-the-worms,want,,
the-civilization-of-the-renaissance-in-italy,want,,
the-columbian-exchange,want,,
the-cruise-of-the-alerte,read,,
the-enemy-of-an-enemy,read,,
the-face-of-battle,want,,
the-guns-of-august,want,,
the-historians-craft,want,,
the-history-of-tom-jones-a-foundling,read,,
the-history-of-the-decline-and-fall-of-the-roman-empire,want,,
the-land-of-little-rain,read,,
the-lives-of-the-caesars,read,,
the-magic-lantern,want,,
the-making-of-the-english-working-class,want,,
the-mediterranean-and-the-mediterranean-world-in-the-age-of-philip-ii,want,,
the-mystery-of-a-hansom-cab,read,,
the-nibelungenlied,read,,
the-origins-of-the-second-world-war,want,,
the-path-to-rome,read,,
the-power-broker,want,,
the-practice-and-theory-of-bolshevism,read,,
the-return-of-martin-guerre,want,,
the-rise-of-the-west,want,,
the-road-to-unfreedom,want,,
the-roman-triumph,want,,
the-rough-riders,read,,
the-souls-of-black-folk,want,,
the-third-reich-trilogy,want,,
the-waning-of-the-middle-ages,want,,
the-warlord-of-mars,read,,
the-years-of-lyndon-johnson,want,,
these-truths,want,,
trafalgar,read,,
twilight-of-democracy,want,,
ursule-mirou-t,read,,
verses-on-various-occasions,read,,
washington-square,read,,
what-is-history,want,,
a-head-full-of-ghosts,want,,
at-the-mountains-of-madness,want,,
best-ghost-stories-of-algernon-blackwood,want,,
books-of-blood,want,,
carrie,want,,
collected-ghost-stories,want,,
different-seasons,want,,
ghost-summer,want,,
grimscribe,want,,
hell-house,want,,
houses-under-the-sea,want,,
how-to-hack-like-a-ghost,read,,
i-am-legend,want,,
imajica,want,,
interview-with-the-vampire,want,,
it,want,,
let-the-right-one-in,want,,
lost-souls,want,,
misery,want,,
night-shift,want,,
our-share-of-night,want,,
pet-sematary,want,,
queen-of-the-damned,want,,
salems-lot,want,,
selected-poems-and-tales,want,,
songs-of-a-dead-dreamer,want,,
strange-case-of-dr-jekyll-and-mr-hyde,want,,
tales-of-the-grotesque-and-arabesque,want,,
the-ballad-of-black-tom,want,,
the-beautiful-thing-that-awaits-us-all,want,,
the-call-of-cthulhu-and-other-weird-stories,want,,
the-case-of-charles-dexter-ward,want,,
the-changeling,want,,
the-cipher,want,,
the-conspiracy-against-the-human-race,want,,
the-drowning-girl,want,,
the-dunwich-horror,want,,
the-good-house,want,,
the-great-god-pan,want,,
the-haunting-of-hill-house,want,,
the-hellbound-heart,want,,
the-house-on-the-borderland,want,,
the-imago-sequence,want,,
the-lottery-and-other-stories,want,,
the-narrative-of-arthur-gordon-pym,want,,
the-night-land,want,,
the-shadow-over-innsmouth,want,,
the-shining,want,,
the-shrinking-man,want,,
the-stand,want,,
the-vampire-lestat,want,,
the-white-people,want,,
the-willows,want,,
things-we-lost-in-the-fire,want,,
we-have-always-lived-in-the-castle,want,,
weaveworld,want,,
mathematical-theory-of-communication,want,,
body-of-secrets,want,,
legacy-of-ashes,want,,
spycraft,want,,
the-art-of-intelligence,want,,
the-codebreakers,want,,
the-craft-of-intelligence,want,,
the-puzzle-palace,want,,
the-shadow-factory,want,,
against-interpretation,want,,
all-about-love,want,,
anatomy-of-criticism,want,,
beginnings,want,,
culture-and-anarchy,want,,
essays-in-criticism,want,,
how-to-read-and-why,want,,
illness-as-metaphor,want,,
image-music-text,want,,
lives-of-the-poets,want,,
mimesis,want,,
mythologies,want,,
on-photography,want,,
orientalism,want,,
poetics,want,,
preface-to-shakespeare,want,,
problems-of-dostoevskys-poetics,want,,
rabelais-and-his-world,want,,
s-z,want,,
teaching-to-transgress,want,,
the-anxiety-of-influence,want,,
the-dialogic-imagination,want,,
the-great-code,want,,
the-liberal-imagination,want,,
the-pleasure-of-the-text,want,,
the-rhetoric-of-fiction,want,,
the-sacred-wood,want,,
the-well-wrought-urn,want,,
the-western-canon,want,,
the-world-the-text-and-the-critic,want,,
theory-of-literature,want,,
tradition-and-the-individual-talent,want,,
longinus-on-the-sublime,want,,
of-grammatology,want,,
the-death-of-the-author,want,,
the-mirror-and-the-lamp,want,,
1001-arabian-nights,read,,
10-04,want,,
1q84,want,,
2666,want,,
a-christmas-carol,want,,
a-confession,read,,
a-connecticut-yankee-in-king-arthur-s-court,read,,
a-country-gentleman-and-his-family,read,,
a-damsel-in-distress,read,,
a-daughter-of-the-samurai,read,,
a-farewell-to-arms,want,,
a-fine-balance,want,,
a-general-view-of-positivism,read,,
a-gentleman-of-leisure,read,,
a-good-man-is-hard-to-find,want,,
a-grain-of-wheat,want,,
a-hazard-of-new-fortunes,read,,
a-hero-of-our-time,want,,
a-journal-of-the-plague-year,want,,
a-little-princess,read,,
a-man-could-stand-up,read,,
a-marriage-settlement,read,,
a-mercy,want,,
a-modest-proposal,want,,
a-pair-of-blue-eyes,read,,
a-passage-to-india,want,,
a-personal-matter,want,,
a-personal-record,read,,
a-popular-schoolgirl,read,,
a-portrait-of-the-artist-as-a-young-man,want,,
a-prefect-s-uncle,read,,
a-princess-of-mars,read,,
a-room-of-ones-own,want,,
a-room-with-a-view,want,,
a-sentimental-journey,want,,
a-sicilian-romance,read,,
a-sportsmans-sketches,want,,
a-start-in-life,read,,
a-strange-disappearance,read,,
a-tale-of-two-cities,want,,
a-tale-of-a-tub,want,,
a-tangled-tale,read,,
a-thief-in-the-night,read,,
a-tomb-for-boris-davidovich,want,,
a-visit-from-the-goon-squad,want,,
a-visit-from-the-greys,read,,
a-voyage-to-arcturus,read,,
a-week-on-the-concord-and-merrimack-rivers,read,,
a-woman-of-no-importance,read,,
a-woman-of-thirty,read,,
a-womans-story,want,,
a-yankee-in-the-trenches,read,,
abandon,read,,
absalom-absalom,want,,
accordion-crimes,want,,
ada-or-ardor,want,,
adam-bede,want,,
after-london,read,,
after-the-divorce,read,,
afterlives,want,,
against-the-day,want,,
against-the-grain,read,,
agency,read,,
agnes-grey,want,,
ake,want,,
albert-savarus,read,,
alice-adams,read,,
alice-s-adventures-in-wonderland,read,,
all-quiet-on-the-western-front,read,,
all-the-pretty-horses,want,,
allan-quatermain,read,,
allan-quatermain-stories,read,,
amaryllis-at-the-fair,read,,
american-indian-stories,read,,
american-pastoral,want,,
americana,want,,
americanah,want,,
amerika,want,,
an-american-tragedy,read,,
an-angel-at-my-table,want,,
an-antarctic-mystery,read,,
an-artist-of-the-floating-world,want,,
an-autobiography,read,,
an-enemy-of-the-people,want,,
an-enemy-of-the-people-the-wild-duck,read,,
an-episode-in-the-life-of-a-landscape-painter,want,,
an-outback-marriage,read,,
andromaque,want,,
anna-karenina-2,want,,
anna-karenina,want,,
anne-of-avonlea,read,,
anne-of-green-gables,read,,
anne-of-the-island,read,,
another-country,want,,
anthills-of-the-savannah,want,,
antic-hay,read,,
areopagitica,want,,
armadale,want,,
arrow-of-god,want,,
ars-ne-lupin-versus-herlock-sholmes,read,,
artificial-respiration,want,,
as-i-lay-dying,want,,
ashenden,read,,
at-the-back-of-the-north-wind,read,,
augustus,want,,
aura,want,,
aurora-floyd,read,,
austerlitz,want,,
avogadro-corp,read,,
babbitt,want,,
backwater,read,,
badenheim-1939,want,,
baltasar-and-blimunda,want,,
bambi,read,,
barchester-towers,want,,
barkskins,want,,
barnaby-rudge,want,,
barriers-burned-away,read,,
bartleby-and-benito-cereno,read,,
bashan-and-i,read,,
bearing-an-hourglass,read,,
beastie-boys-book,read,,
before-adam,read,,
behind-that-curtain,read,,
behind-a-mask,read,,
being-a-green-mother,read,,
bellarion-the-fortunate,read,,
beloved,want,,
ben-hur,read,,
beowulf,read,,
bertram-cope-s-year,read,,
bertrand-russell-in-praise-of-idleness,read,,
betty-zane,read,,
between-the-acts,want,,
big-breasts-and-wide-hips,want,,
billiards-at-half-past-nine,want,,
biscuit-in-the-garden,read,,
bitter-root-1,read,,
black-beauty,read,,
black-boy,want,,
blackbirds,read,,
blake-pierce-mystery-bundle,read,,
bleak-house,want,,
blindness,want,,
bliss-and-other-stories,want,,
blood-meridian,want,,
blow-up-and-other-stories,want,,
blue-hand,read,,
bolshevism,read,,
boris-godunov,want,,
botchan,want,,
bouvard-and-p-cuchet,want,,
breakfast-of-champions,want,,
brewster-s-millions,read,,
bring-up-the-bodies,want,,
broken-april,want,,
brood-of-the-witch-queen,read,,
brothers-karamazov,want,,
brown-on-resolution,read,,
buddenbrooks,want,,
building-products-for-the-enterprise,read,,
bulfinch-s-mythology,read,,
bulldog-drummond,read,,
burgers-daughter,want,,
butchers-crossing,want,,
by-night-in-chile,want,,
b-atrix,read,,
ceh-certified-ethical-hacker,read,,
cairo-trilogy,want,,
call-mr,read,,
calvary,read,,
campo-santo,want,,
can-you-forgive-her,want,,
candide,want,,
cane,want,,
cannery-row,want,,
captain-blood,read,,
captain-jinks-hero,read,,
castle-rackrent,read,,
cat-and-mouse,want,,
cats-cradle,want,,
catching-fire-hunger-games-book-two,read,,
catriona,read,,
celestial-bodies,read,,
cenizas-de-izalco,want,,
charlotte-temple,read,,
cherbin,read,,
child-of-god,want,,
childhood-boyhood-youth,want,,
children-of-the-alley,want,,
children-of-the-mind,read,,
children-s-stories,read,,
chrome-yellow,read,,
chronicle-books-for-cooks,read,,
chronicle-in-stone,want,,
chronicle-of-a-death-foretold,want,,
cities-of-the-plain,want,,
civilwarland-in-bad-decline,want,,
clarissa,want,,
clear-light-of-day,want,,
cleopatra,read,,
closely-watched-trains,want,,
clotel,read,,
clouds-of-witness,read,,
collected-poems,want,,
confession-of-the-lioness,want,,
confessions-of-a-mask,want,,
confessions-of-an-english-opium-eater,read,,
consuelo,want,,
conversation-in-the-cathedral,want,,
conversations-with-friends,read,,
cornelli,read,,
cory-doctorow-homeland,read,,
cosmicomics,want,,
cousin-bette,want,,
cousin-henry,read,,
cranford,want,,
crime-and-punishment-2,want,,
crime-and-punishment,want,,
crypto-dictionary,read,,
cup-of-gold,read,,
c-sar-birotteau,want,,
dalemberts-dream,want,,
daemon,read,,
dangerous-ages,read,,
dangerous-liaisons,read,,
daniel-deronda,want,,
darby-o-gill-and-the-good-people,read,,
dark-psychology,read,,
daughter-of-the-moon-goddess,read,,
david-copperfield,want,,
david-harum,read,,
de-monarchia,want,,
dead-drop,read,,
dead-souls,want,,
dear-life,want,,
death-comes-for-the-archbishop,want,,
death-and-the-kings-horseman,want,,
death-in-venice,want,,
decline-and-fall,read,,
delta-v,read,,
demian,want,,
democracy,read,,
democracy-and-education,read,,
demons,want,,
designing-products-people-love-how-great-designers-create-successful-products,read,,
designing-web-apis,read,,
dialogues,read,,
diary-of-a-madman,want,,
diary-of-a-madman-and-other-stories,want,,
dick-sands-the-boy-captain,read,,
discourses-on-livy,want,,
disenchantment,read,,
disgrace,want,,
divine-comedy,want,,
doctor-faustus,want,,
doctor-syn,read,,
doctor-thorne,want,,
dodsworth,read,,
dog-years,want,,
dom-casmurro,want,,
dombey-and-son,want,,
domnei,read,,
don-carlos,want,,
don-quixote-2,want,,
don-quixote,want,,
dorothy-and-the-wizard-in-oz,read,,
dracula,want,,
drive-your-plow-over-the-bones-of-the-dead,want,,
dubliners-2,want,,
dubliners,want,,
dust-tracks-on-a-road,want,,
early-autumn,read,,
east-of-eden,want,,
eastern-standard-tribe,read,,
el-dorado,read,,
el-filibusterismo,read,,
el-se-or-presidente,want,,
elective-affinities,want,,
elizabeth-and-her-german-garden,read,,
elmer-gantry,want,,
embers,want,,
emily-of-new-moon,read,,
eminent-victorians,read,,
emma,want,,
ender-in-exile,read,,
ender-s-game,read,,
english-as-she-is-spoke,read,,
equal-rites,read,,
erasure,want,,
erewhon,read,,
erewhon-revisited,read,,
essays-2,want,,
ethan-frome,read,,
eugene-onegin,want,,
eug-nie-grandet,want,,
evelina,read,,
ever-after-high-madeline-hatter-s-story,read,,
every-day-is-for-the-thief,want,,
everything-that-rises-must-converge,want,,
exemplary-novels,want,,
exiles,want,,
explosion-in-a-cathedral,want,,
fair-play,want,,
family,want,,
fant-mas,read,,
far-from-the-madding-crowd,want,,
father-goriot,read,,
fathers-and-children,read,,
fathers-and-sons,want,,
faust,want,,
faust-part-one,want,,
faust-part-two,want,,
faust-etc,read,,
festus,read,,
fever-dream,want,,
ficciones-2,want,,
ficciones,want,,
fifty-one-tales,read,,
figures-of-earth,read,,
finnegans-wake,want,,
five-children-and-it,read,,
five-weeks-in-a-balloon,read,,
flights,want,,
florentine-histories,want,,
foe,want,,
for-whom-the-bell-tolls,want,,
foucaults-pendulum,want,,
framley-parsonage,read,,
frank-herbert-s-dune-saga-collection-books-1-6,read,,
franny-and-zooey,want,,
freedom-tm,read,,
garden-ashes,want,,
gargantua-and-pantagruel,want,,
gentlemen-prefer-blondes,read,,
germinal,read,,
germinie-lacerteux,read,,
ghost-stories,read,,
ghosts-2,want,,
ghosts,want,,
gil-blas,read,,
gilead,want,,
giovannis-room,want,,
go-down-moses,want,,
go-tell-it-on-the-mountain,want,,
gods-of-risk,read,,
grapes-of-wrath,want,,
gravitys-rainbow-2,want,,
gravitys-rainbow,want,,
great-expectations,want,,
green-forest-stories,read,,
green-meadow-stories,read,,
greene-ferne-farm,read,,
greenmantle,read,,
growth-of-the-soil,read,,
gudrun,read,,
gullivers-travels,want,,
hadji-murad,want,,
hadji-mur-d,read,,
hadrian-the-seventh,read,,
half-of-a-yellow-sun,want,,
hard-times,want,,
hard-boiled-wonderland-and-the-end-of-the-world,want,,
harding-s-luck,read,,
harry-heathcote-of-gangoil,read,,
he-knew-he-was-right,read,,
heart-of-darkness,want,,
heaven-and-hell,want,,
heidi,read,,
heretics,read,,
herzog,want,,
hester,read,,
hindu-tales-from-the-sanskrit,read,,
his-family,read,,
his-last-bow,read,,
his-masterpiece,read,,
home,want,,
home-of-the-gentry,want,,
homegoing,want,,
honeycomb,read,,
hopscotch,want,,
household-tales,read,,
housekeeping,want,,
how-the-other-half-lives,read,,
how-to-mix-drinks-or-a-bon-vivant-s-companion,read,,
how-to-tell-the-birds-from-the-flowers-and-other-woodcuts,read,,
howards-end,want,,
hudibras,read,,
hudson-river-bracketed,read,,
human-nature-and-conduct,read,,
humboldts-gift,want,,
hunger,read,,
hunting-for-hidden-gold,read,,
huntingtower,read,,
i-am-a-cat,want,,
i-will-repay,read,,
ice-candy-man,want,,
if-beale-street-could-talk,want,,
if-on-a-winters-night-a-traveler,want,,
iliad,want,,
immortality,want,,
impaler-epilogue,read,,
in-custody,want,,
in-our-time,want,,
in-praise-of-shadows,want,,
in-search-of-lost-time,read,,
in-search-of-the-castaways,read,,
in-a-glass-darkly,read,,
in-the-penal-colony,want,,
in-the-shadow-of-young-girls-in-flower,want,,
in-the-skin-of-a-lion,want,,
incidents-in-the-life-of-a-slave-girl,read,,
independent-people,want,,
indian-fairy-tales,read,,
indian-summer,read,,
indiana,want,,
indiscretions-of-archie,read,,
inferno,want,,
infinite-jest,want,,
influx,read,,
inspector-french-s-greatest-case,read,,
invisible-cities-2,want,,
invisible-cities,want,,
invisible-man,want,,
invitation-to-a-beheading,want,,
iola-leroy,read,,
irish-fairy-tales,read,,
istanbul,want,,
it-cant-happen-here,want,,
ivanhoe,want,,
jacob-s-room,read,,
jacques-the-fatalist,want,,
james,want,,
jane-eyre,want,,
jazz,want,,
jean-christophe,read,,
jeeves-stories,read,,
jesus-son,want,,
john-hudson-s-how-to-survive-a-pandemic,read,,
joseph-andrews,want,,
joseph-and-his-brothers,want,,
jude-the-obscure,want,,
julys-people,want,,
jungle-tales-of-tarzan,read,,
jurgen,read,,
just-so-stories,read,,
just-william,read,,
kafka-on-the-shore,want,,
kai-lung-s-golden-hours,read,,
khaled,read,,
kid-legends,read,,
kidnapped,read,,
kill-decision,read,,
kim,read,,
king-coal,read,,
king-solomon-s-mines,read,,
kipps,read,,
kokoro,want,,
kristin-lavransdatter,want,,
kudos,want,,
kusamakura,read,,
la-vita-nuova,want,,
labyrinths,want,,
lady-audley-s-secret,read,,
lady-chatterleys-lover,want,,
lady-macbeth-of-mtsensk,want,,
lady-susan,want,,
last-evenings-on-earth,want,,
laughing-boy,read,,
lavengro,read,,
lay-down-your-arms,read,,
le-cid,want,,
le-morte-darthur,want,,
leave-it-to-psmith,read,,
leaving-the-atocha-station,want,,
legends-of-vancouver,read,,
les-mis-rables,want,,
letters-written-during-a-short-residence-in-sweden-norway-and-denmark,read,,
letters-of-two-brides,read,,
liberalism,read,,
libra,want,,
life-times-of-michael-k,want,,
life-with-archie-31,read,,
life-and-death-are-wearing-me-out,want,,
light-in-august,want,,
lilith,read,,
limbo,read,,
lincoln-in-the-bardo,want,,
little-dorrit,want,,
little-lord-fauntleroy,read,,
little-nemo-return-to-slumberland-1,read,,
little-women,read,,
lives-of-girls-and-women,want,,
lock-and-key-the-gadwall-incident,read,,
lolita,want,,
lolly-willowes,read,,
look-homeward-angel,read,,
lord-jim,want,,
lord-peter-views-the-body,read,,
lord-tony-s-wife,read,,
lorna-doone,read,,
lost-children-archive,want,,
lost-face,read,,
lost-illusions,want,,
lost-in-the-cosmos,want,,
love-among-the-chickens,read,,
love-in-a-fallen-city,want,,
love-in-the-time-of-cholera,want,,
l-bas,read,,
l-lia,want,,
madame-bovary-2,want,,
madame-bovary,want,,
magic-mountain,want,,
magnificent-obsession,read,,
main-street,want,,
maiwa-s-revenge,read,,
man-and-wife,read,,
manhattan-beach,want,,
manhattan-transfer,want,,
mansfield-park,want,,
mao-ii,want,,
maria-chapdelaine,read,,
marius-the-epicurean,read,,
mark-rutherford-s-deliverance,read,,
martin-chuzzlewit,read,,
martin-eden,read,,
mary-barton,want,,
mary-mary,read,,
mason-dixon,want,,
master-flea,read,,
mauprat,read,,
maurice,want,,
mcteague,read,,
melmoth-the-wanderer,read,,
memoirs-of-ars-ne-lupin,read,,
memoirs-of-a-foxhunting-man,read,,
memoirs-of-a-midget,read,,
memoirs-of-a-revolutionist,read,,
men-of-maize,want,,
mercy-watson-to-the-rescue,read,,
meridian,want,,
metamorphosis-2,want,,
metamorphosis,want,,
michael-strogoff,read,,
microm-gas,want,,
midaq-alley,want,,
middlemarch,want,,
midnights-children,want,,
midwinter,read,,
mike,read,,
minaret,want,,
miss-marjoribanks,read,,
moby-dick,want,,
modeste-mignon,read,,
moll-flanders,want,,
monsieur-lecoq,read,,
moonfleet,read,,
moribund-society-and-anarchy,read,,
mother,want,,
mother-night,want,,
mouthful-of-birds,want,,
mrs-dalloway,want,,
mules-and-men,want,,
murder-in-the-gunroom,read,,
murder-in-the-maze,read,,
my-brilliant-friend,want,,
my-childhood,want,,
my-disillusionment-in-russia,read,,
my-first-summer-in-the-sierra,read,,
my-little-pony-friendship-is-magic-1,read,,
my-name-is-red,want,,
my-own-words,read,,
my-reminiscences,read,,
my-struggle-book-1,want,,
my-struggle-book-2,want,,
my-ntonia,want,,
mystery-at-lynden-sands,read,,
narcissus-and-goldmund,want,,
national-avenue,read,,
native-son,want,,
near-to-the-wild-heart,want,,
necromancer,read,,
nervous-conditions,want,,
new-grub-street,read,,
news-from-nowhere,read,,
nicholas-nickleby,want,,
niels-lyhne,read,,
night-and-day,read,,
nightmare-abbey,read,,
nightwood,want,,
nine-stories,want,,
ninety-three,want,,
no-country-for-old-men,want,,
no-longer-at-ease,want,,
no-matter-what,read,,
no-more-parades,read,,
no-name,want,,
no-one-writes-to-the-colonel,want,,
no-treason,read,,
noli-me-tangere,read,,
nonsense-books,read,,
north-and-south,want,,
northanger-abbey,want,,
norwegian-wood,want,,
nostromo,want,,
notes-from-underground,want,,
notre-dame-de-paris,read,,
nowhere-men-1,read,,
o-pioneers,want,,
odyssey,want,,
of-human-bondage,read,,
of-mice-and-men,want,,
old-indian-legends,read,,
oliver-twist,want,,
on-a-pale-horse,read,,
on-the-aesthetic-education-of-man,want,,
on-the-art-of-reading,read,,
on-the-art-of-writing,read,,
on-the-eve,want,,
on-the-natural-history-of-destruction,want,,
one-hundred-years-of-solitude-2,want,,
one-hundred-years-of-solitude,want,,
one-of-ours,read,,
open-city,want,,
orlando,want,,
orley-farm,read,,
orthodoxy,read,,
oscar-and-lucinda,want,,
other-inquisitions,want,,
our-american-cousin,read,,
our-mutual-friend,want,,
outer-dark,want,,
outline,want,,
owls-do-cry,want,,
ozma-of-oz,read,,
pablo-de-segovia-the-spanish-sharper,read,,
pale-fire,want,,
pamela,want,,
pan-michael,read,,
pan-tadeusz,read,,
paradise-2,want,,
paradise,want,,
paradise-lost,want,,
paradiso-2,want,,
paradiso,want,,
parisians-in-the-country,read,,
parnassus-on-wheels,read,,
passages-from-the-life-of-a-philosopher,read,,
passing,want,,
pastors-and-masters,read,,
pedro-p-ramo,want,,
peer-gynt,want,,
pelle-the-conqueror,read,,
penguin-island,read,,
personal-memoirs-of-ulysses-s,read,,
personal-recollections-of-joan-of-arc,read,,
persuasion,want,,
petals-of-blood,want,,
peter-and-wendy,read,,
phantastes,read,,
philosophical-dictionary,want,,
phineas-finn,read,,
phineas-redux,read,,
phoebe-junior,read,,
ph-dre,want,,
piccadilly-jim,read,,
pierre-and-jean,read,,
pimpernel-and-rosemary,read,,
pines,read,,
planet-of-the-apes-1,read,,
player-piano,want,,
point-counter-point,read,,
pointed-roofs,read,,
politics-and-the-english-language,read,,
pollyanna,read,,
pollyanna-grows-up,read,,
poor-folk,want,,
portnoys-complaint,want,,
practical-mobile-forensics-third-edition,read,,
practical-mysticism,read,,
pride-and-prejudice,want,,
primary-target,read,,
prince-otto,read,,
project-hail-mary,read,,
psmith-in-the-city,read,,
psmith-journalist,read,,
pudd-nhead-wilson,read,,
purgatorio,want,,
purple-hibiscus,want,,
p-re-goriot,want,,
quicksand,want,,
quincas-borba,want,,
quo-vadis,read,,
r-in-a-nutshell,read,,
rachel-ray,read,,
ragged-dick,read,,
ralestone-luck,read,,
rameaus-nephew,want,,
rat-queens-1,read,,
reamde,read,,
red-dusk-and-the-morrow,read,,
red-sorghum,want,,
red-team-blues,read,,
reflections-in-a-golden-eye,want,,
remembering-babylon,want,,
representative-men,read,,
resurrection,want,,
riceyman-steps,read,,
rickshaw-boy,want,,
riders-of-the-purple-sage,read,,
right-ho-jeeves,read,,
riley-paige-mystery-starter-bundle,read,,
rob-roy,want,,
robbery-under-arms,read,,
robert-ludlum-s-tm-the-bourne-dominion,read,,
robinson-crusoe,want,,
room-13,read,,
rudin,want,,
runaway,want,,
running-a-thousand-miles-for-freedom,read,,
russian-folktales,read,,
sabbaths-theater,want,,
salammb,want,,
salem-chapel,read,,
salvage-the-bones,want,,
samson-agonistes,want,,
sanatorium-under-the-sign-of-the-hourglass,want,,
sanctuary,want,,
sanine,read,,
sanshir,want,,
sartor-resartus,read,,
satan-s-diary,read,,
satantango,want,,
savrola,read,,
scaramouche,read,,
scarhaven-keep,read,,
scarlet-sister-mary,read,,
school-stories,read,,
scoundrels-monsters-and-special-circumstances,read,,
scrambles-amongst-the-alps-in-the-years-1860-69,read,,
sea-of-fertility-tetralogy,want,,
season-of-migration-to-the-north,want,,
secondhand-time,want,,
seeing,want,,
seiobo-there-below,want,,
seize-the-day,want,,
selected-poems,want,,
selected-poetry-of-yehuda-amichai,want,,
selected-stories-2,want,,
selected-stories,want,,
sense-and-sensibility,want,,
sentimental-education,want,,
seven-pillars-of-wisdom,read,,
shadow-and-act,want,,
she-stoops-to-conquer,read,,
shepherds-of-the-wild,read,,
shirley,want,,
shorts-from-scenes-from-private-life,read,,
siddhartha,want,,
silas-marner,want,,
simple-passion,want,,
sing-unburied-sing,want,,
sinister-street,read,,
sir-percy-hits-back,read,,
sister-carrie,read,,
six-walks-in-the-fictional-woods,want,,
slaughterhouse-five,read,,
sleepwalking-land,want,,
smoky-the-cowhorse,read,,
snow,want,,
snow-country,want,,
so-big,read,,
sodom-and-gomorrah,want,,
soldiers-pay,read,,
solomon-gursky-was-here,want,,
some-do-not,read,,
some-prefer-nettles,want,,
something-new,read,,
song-of-solomon,want,,
song-of-the-mountain,read,,
sons-and-lovers,want,,
sound-and-the-fury,want,,
south,read,,
spawn-1,read,,
speak-memory,want,,
speaker-for-the-dead,read,,
stand-by-for-mars,read,,
steppenwolf,want,,
sticks-and-stones,read,,
stoner,want,,
stover-at-yale,read,,
stray-bullets-1,read,,
struggles-and-triumphs,read,,
such-is-life,read,,
such-a-long-journey,want,,
sula,want,,
summer,read,,
sun-also-rises,want,,
sunshine-sketches-of-a-little-town,read,,
suspiria-de-profundis,read,,
suttree,want,,
swanns-way,want,,
sybil,read,,
sylvie-and-bruno,read,,
table-talk,read,,
taras-bulba,want,,
tartine,read,,
tartuffe,want,,
tarzan-and-the-ant-men,read,,
tarzan-and-the-golden-lion,read,,
tarzan-and-the-jewels-of-opar,read,,
tarzan-of-the-apes,read,,
tarzan-the-terrible,read,,
tarzan-the-untamed,read,,
tarzan-lord-of-the-jungle,read,,
teahouse,want,,
tender-is-the-night,want,,
tenth-of-december,want,,
terra-nostra,want,,
terror-keep,read,,
tess-of-the-durbervilles,want,,
the-agamemnon-of-aeschylus,read,,
the-able-mclaughlins,read,,
the-adolescent,want,,
the-adventures-of-augie-march,want,,
the-adventures-of-captain-hatteras,read,,
the-adventures-of-huckleberry-finn,read,,
the-adventures-of-pinocchio,read,,
the-adventures-of-tom-sawyer,read,,
the-age-of-innocence,read,,
the-agency-a-spy-in-the-house,read,,
the-aleph,want,,
the-amateur-cracksman,read,,
the-ambassadors,read,,
the-american-crisis,read,,
the-american-senator,read,,
the-argonautica,read,,
the-art-of-money-getting,read,,
the-art-of-war,want,,
the-assistant,want,,
the-autobiography-of-benjamin-franklin,read,,
the-autobiography-of-calvin-coolidge,read,,
the-autobiography-of-john-stuart-mill,read,,
the-autobiography-of-ma-ka-tai-me-she-kia-kiak-or-black-hawk,read,,
the-autobiography-of-mark-rutherford,read,,
the-autobiography-of-mark-twain,read,,
the-autobiography-of-an-ex-colored-man,read,,
the-autobiography-of-an-idea,read,,
the-autumn-of-the-patriarch,want,,
the-avenger,read,,
the-awakening,read,,
the-baron-in-the-trees,want,,
the-beasts-of-tarzan,read,,
the-beautiful-and-damned,want,,
the-beautyful-ones-are-not-yet-born,want,,
the-bell-jar,want,,
the-benson-murder-case,read,,
the-big-four,read,,
the-birds-2,want,,
the-black-arrow,read,,
the-black-book,want,,
the-black-mask,read,,
the-black-opal,read,,
the-black-tulip,want,,
the-blazing-world,read,,
the-blind-owl,want,,
the-blithedale-romance,read,,
the-blue-bird,read,,
the-blue-castle,read,,
the-blue-lagoon,read,,
the-bluest-eye,want,,
the-bolshevik-myth,read,,
the-bone-people,want,,
the-book-of-disquiet,want,,
the-book-of-gimp-a-complete-guide-to-nearly-everything,read,,
the-book-of-laughter-and-forgetting,want,,
the-book-of-tea,read,,
the-book-of-wonder,read,,
the-book-of-the-city-of-ladies,want,,
the-book-of-the-courtier,want,,
the-book-of-the-duchess,want,,
the-books-of-jacob,want,,
the-borough-treasurer,read,,
the-bridge-of-san-luis-rey,read,,
the-brilliant-world-of-tom-gates,read,,
the-brothers-karamazov,want,,
the-buried-giant,want,,
the-burning-plain,want,,
the-call-of-the-wild,read,,
the-canary-murder-case,read,,
the-canterbury-tales,want,,
the-captains-daughter,want,,
the-car-hacker-s-handbook,read,,
the-casebook-of-sherlock-holmes,read,,
the-cask,read,,
the-castle,want,,
the-castle-of-crossed-destinies,want,,
the-castle-of-otranto,read,,
the-catcher-in-the-rye,want,,
the-celibates,read,,
the-charterhouse-of-parma,want,,
the-chessmen-of-mars,read,,
the-child-of-the-cavern,read,,
the-chinese-parrot,read,,
the-circular-staircase,read,,
the-city-of-brass,read,,
the-claverings,read,,
the-cloven-foot,read,,
the-clown,want,,
the-club-of-queer-trades,read,,
the-clue-of-the-new-pin,read,,
the-clue-of-the-twisted-candle,read,,
the-color-purple,want,,
the-color-of-magic,read,,
the-columbiad,read,,
the-confessions-of-ars-ne-lupin,read,,
the-conjure-woman,read,,
the-conscious-lovers,read,,
the-conservationist,want,,
the-copenhagen-trilogy,want,,
the-coral-island,read,,
the-cords-of-vanity,read,,
the-council-of-justice,read,,
the-count-of-monte-cristo,want,,
the-counterlife,want,,
the-country-of-the-pointed-firs,read,,
the-courts-of-the-morning,read,,
the-cream-of-the-jest,read,,
the-created-legend,read,,
the-crime-at-black-dudley,read,,
the-crock-of-gold,read,,
the-crossing,want,,
the-crying-of-lot-49,want,,
the-crystal-stopper,read,,
the-d-arblay-mystery,read,,
the-da-vinci-code,read,,
the-damnation-of-theron-ware,read,,
the-dark-enlightenment,read,,
the-day-of-judgment,want,,
the-days,want,,
the-dead-secret,read,,
the-death-of-artemio-cruz,want,,
the-death-of-ivan-ilyich,want,,
the-death-of-virgil,want,,
the-decameron,want,,
the-deerslayer,want,,
the-defiant-agents,read,,
the-deluge,read,,
the-demi-gods,read,,
the-devil-to-pay-in-the-backlands,want,,
the-devils-elixirs,want,,
the-devil-s-pool,read,,
the-dewy-morn,read,,
the-diary,read,,
the-divine-comedy,read,,
the-door-with-seven-locks,read,,
the-double,want,,
the-duke-s-children,read,,
the-education-of-henry-adams,read,,
the-eight-strokes-of-the-clock,read,,
the-eleventh-virgin,read,,
the-elusive-pimpernel,read,,
the-empire-of-gold,read,,
the-enchanted-april,read,,
the-enchanted-castle,read,,
the-enchanted-wanderer,want,,
the-ender-quintet,read,,
the-english-patient,want,,
the-enormous-room,read,,
the-eustace-diamonds,read,,
the-everlasting-man,read,,
the-extraordinary-adventures-of-ars-ne-lupin-gentleman-burglar,read,,
the-eye-of-osiris,read,,
the-faerie-queene,want,,
the-fall,want,,
the-fall-of-the-house-of-usher,read,,
the-feast-of-the-goat,want,,
the-fierce-reads-anthology-volume-2,read,,
the-fifth-queen,read,,
the-fire-next-time,want,,
the-first-sir-percy,read,,
the-fixer,want,,
the-flamethrowers,want,,
the-footsteps-at-the-lock,read,,
the-forsyte-saga,read,,
the-four-just-men,read,,
the-four-men,read,,
the-fugitive,want,,
the-fur-country,read,,
the-gadfly,read,,
the-gambler,want,,
the-garden-party-and-other-stories,want,,
the-getting-of-wisdom,read,,
the-giant-raft,read,,
the-glass-bead-game,want,,
the-gods-of-mars,read,,
the-gold-bat,read,,
the-golden-ass,read,,
the-golden-bowl,read,,
the-good-companions,read,,
the-good-soldier,read,,
the-gospel-according-to-jesus-christ,want,,
the-grand-babylon-hotel,read,,
the-grapes-of-wrath,want,,
the-great-gatsby,want,,
the-great-impersonation,read,,
the-green-hat,read,,
the-greene-murder-case,read,,
the-guermantes-way,want,,
the-haunted-bookshop,read,,
the-head-of-kay-s,read,,
the-heart-is-a-lonely-hunter,want,,
the-heart-of-midlothian,want,,
the-hill-of-dreams,read,,
the-history-of-henry-esmond,want,,
the-history-of-mr,read,,
the-hollow-needle,read,,
the-homemaker,read,,
the-hour-of-the-star,want,,
the-house-without-windows,read,,
the-house-without-a-key,read,,
the-house-of-arden,read,,
the-house-of-mirth,read,,
the-house-of-the-dead,want,,
the-house-of-the-seven-gables,read,,
the-house-of-the-wolfings,read,,
the-house-on-the-cliff,read,,
the-humbugs-of-the-world,read,,
the-hunchback-of-notre-dame,want,,
the-ice-palace,want,,
the-idiot,want,,
the-imaginary-invalid,want,,
the-incredulity-of-father-brown,read,,
the-informer,read,,
the-inheritance-of-loss,want,,
the-innocence-of-father-brown,read,,
the-innocents-abroad,read,,
the-insidious-dr,read,,
the-interesting-narrative-of-the-life-of-olaudah-equiano,read,,
the-interpreters,want,,
the-invention-of-morel,want,,
the-iron-heel,read,,
the-island-of-the-day-before,want,,
the-jade-god,read,,
the-jewel-of-seven-stars,want,,
the-jungle,read,,
the-jungle-book,read,,
the-just-men-of-cordova,read,,
the-key,want,,
the-kingdom-of-copper,read,,
the-kingdom-of-god-is-within-you,read,,
the-kingdom-of-this-world,want,,
the-kreutzer-sonata,want,,
the-lady-of-the-barge,read,,
the-lady-of-the-shroud,want,,
the-lady-with-the-little-dog,want,,
the-land-that-time-forgot,read,,
the-land-of-green-plums,want,,
the-last-chronicle-of-barset,read,,
the-last-firewall,read,,
the-last-man,want,,
the-last-post,read,,
the-last-of-the-mohicans,want,,
the-laughing-cavalier,read,,
the-law-of-the-four-just-men,read,,
the-league-of-the-scarlet-pimpernel,read,,
the-leavenworth-case,read,,
the-lerouge-case,read,,
the-life-engineered,read,,
the-life-and-adventures-of-robinson-crusoe,read,,
the-life-and-opinions-of-tristram-shandy-gentleman,want,,
the-life-and-opinions-of-the-tomcat-murr,want,,
the-life-of-buffalo-bill,read,,
the-light-fantastic,read,,
the-little-demon,read,,
the-little-white-bird,read,,
the-lives-and-opinions-of-eminent-philosophers,read,,
the-lodger,read,,
the-lost-continent,read,,
the-lost-girl,read,,
the-lost-world,read,,
the-lower-depths,want,,
the-luck-of-barry-lyndon,read,,
the-luzumiyat,read,,
the-magic-city,read,,
the-magic-mountain,want,,
the-magnificent-ambersons,read,,
the-maid-of-sker,read,,
the-makioka-sisters,want,,
the-man-who-knew,read,,
the-man-who-laughs,want,,
the-man-who-was-thursday,read,,
the-man-within,read,,
the-man-without-qualities,want,,
the-man-in-the-brown-suit,read,,
the-man-in-the-iron-mask,want,,
the-man-in-the-queue,read,,
the-man-of-destiny,read,,
the-map-of-love,want,,
the-maracot-deep,read,,
the-mark-of-zorro,read,,
the-marrow-of-tradition,read,,
the-mars-room,want,,
the-marvelous-land-of-oz,read,,
the-masqueraders,read,,
the-master-of-ballantrae,read,,
the-master-of-go,want,,
the-mayor-of-casterbridge,want,,
the-melancholy-of-resistance,want,,
the-melody-of-death,read,,
the-member-of-the-wedding,want,,
the-memory-of-love,want,,
the-messy-alphabet-book,read,,
the-middle-five,read,,
the-middle-temple-murder,read,,
the-middle-of-things,read,,
the-midnight-guest,read,,
the-mill-on-the-floss,want,,
the-mind-of-mr-j-g,read,,
the-mirror-the-light,want,,
the-mirror-of-the-sea,read,,
the-misanthrope,want,,
the-missing-chums,read,,
the-monk,read,,
the-monster,read,,
the-moon-and-sixpence,read,,
the-moons-of-jupiter,want,,
the-moonstone,want,,
the-mother,read,,
the-moviegoer,want,,
the-mucker,read,,
the-murder-on-the-links,read,,
the-mysteries-of-udolpho,read,,
the-mysterious-affair-at-styles,read,,
the-mystery-of-cabin-island,read,,
the-mystery-of-orcival,read,,
the-mystery-of-the-blue-train,read,,
the-name-of-the-rose,want,,
the-napoleon-of-notting-hill,read,,
the-narrative-of-arthur-gordon-pym-of-nantucket,read,,
the-national-being,read,,
the-natural,want,,
the-nebuly-coat,read,,
the-new-52-futures-end-fcbd-special-edition-0,read,,
the-new-state,read,,
the-nickel-boys,want,,
the-nose,want,,
the-obscene-bird-of-night,want,,
the-old-curiosity-shop,read,,
the-old-man-and-the-sea,want,,
the-old-man-in-the-corner,read,,
the-old-wives-tale,read,,
the-oresteia-of-aeschylus,read,,
the-origin-of-species,read,,
the-outsider,want,,
the-overcoat,want,,
the-palace-of-dreams,want,,
the-passion-according-to-g-h,want,,
the-pathfinder,want,,
the-perpetual-curate,read,,
the-phantom-of-the-opera,read,,
the-phoenix-and-the-carpet,read,,
the-pickwick-papers,read,,
the-picture-of-dorian-gray,read,,
the-pilgrim-kamanita,read,,
the-pilgrims-progress,want,,
the-pillow-book,want,,
the-pit-prop-syndicate,read,,
the-plastic-age,read,,
the-plot-against-america,want,,
the-poisoned-chocolates-case,read,,
the-portrait-of-a-lady,read,,
the-posthumous-memoirs-of-br-s-cubas,want,,
the-pothunters,read,,
the-prime-minister,read,,
the-prince-and-the-pauper,read,,
the-princess-and-the-goblin,read,,
the-prisoner,want,,
the-prisoner-of-zenda,read,,
the-private-memoirs-and-confessions-of-a-justified-sinner,read,,
the-private-papers-of-henry-ryecroft,read,,
the-professor,want,,
the-professors-house,want,,
the-purple-land,read,,
the-queen-of-spades,want,,
the-railway-children,read,,
the-rainbow,want,,
the-rapture-of-the-nerds,read,,
the-rector-and-the-doctor-s-family,read,,
the-red-badge-of-courage,read,,
the-red-house-mystery,read,,
the-red-room,read,,
the-red-and-the-black,want,,
the-religion-of-nature-delineated,read,,
the-remains-of-the-day,want,,
the-return,read,,
the-return-of-tarzan,read,,
the-return-of-the-native,want,,
the-revolution-in-tanner-s-lane,read,,
the-riddle-of-the-sands,read,,
the-rings-of-saturn,want,,
the-rise-of-silas-lapham,read,,
the-river-between,want,,
the-road,want,,
the-sailor-who-fell-from-grace-with-the-sea,want,,
the-sand-child,want,,
the-sandman,want,,
the-savage-detectives,want,,
the-scarlet-pimpernel,read,,
the-school-for-scandal,read,,
the-school-for-wives,want,,
the-sea-hawk,read,,
the-sea-wolf,read,,
the-seagull,want,,
the-secret-adversary,read,,
the-secret-agent,want,,
the-secret-city,read,,
the-secret-garden,read,,
the-secret-garden-complete-text,read,,
the-secret-glory,read,,
the-secret-history,read,,
the-secret-tomb,read,,
the-secret-of-chimneys,read,,
the-secret-of-father-brown,read,,
the-secret-of-sarek,read,,
the-secret-of-the-old-mill,read,,
the-sense-of-style,read,,
the-seven-dials-mystery,read,,
the-shaving-of-shagpat,read,,
the-shepheardes-calender,want,,
the-shipping-news,want,,
the-silent-cry,want,,
the-sirens-of-titan,want,,
the-sketchbook-of-geoffrey-crayon-gent,read,,
the-slaves-of-paris,read,,
the-sleepwalkers,want,,
the-small-house-at-allington,read,,
the-son-of-tarzan,read,,
the-son-of-the-wolf,read,,
the-song-of-the-lark,read,,
the-sorrows-of-young-werther,want,,
the-sound-and-the-fury,want,,
the-sound-of-things-falling,want,,
the-special-correspondent,read,,
the-splendid-fairing,read,,
the-splendid-spur,read,,
the-sport-of-the-gods,read,,
the-square-emerald,read,,
the-starvel-hollow-tragedy,read,,
the-stone-angel,want,,
the-story-of-g-sta-berling,read,,
the-story-of-ivy,read,,
the-story-of-my-experiments-with-truth,read,,
the-story-of-my-life,read,,
the-story-of-my-teeth,want,,
the-story-of-utopias,read,,
the-story-of-a-new-name,want,,
the-story-of-the-amulet,read,,
the-story-of-the-lost-child,want,,
the-story-of-the-treasure-seekers,read,,
the-street-of-crocodiles,want,,
the-summer-book,want,,
the-sun-also-rises,want,,
the-surprising-adventures-of-baron-munchausen,read,,
the-survivors-of-the-chancellor,read,,
the-swiss-family-robinson,read,,
the-talleyrand-maxim,read,,
the-tangled-web,read,,
the-teeth-of-the-tiger,read,,
the-temple-of-the-golden-pavilion,want,,
the-tenant-of-wildfell-hall,want,,
the-thirty-nine-steps,read,,
the-three-hostages,read,,
the-three-impostors,read,,
the-three-just-men,read,,
the-three-musketeers,want,,
the-three-taps,read,,
the-three-body-problem-2,read,,
the-time-of-the-hero,want,,
the-tin-drum,want,,
the-tin-flute,want,,
the-titan,read,,
the-tour,read,,
the-tower-treasure,read,,
the-transformation-of-philip-jettan,read,,
the-tree-of-man,want,,
the-trees,want,,
the-trial,want,,
the-triumph-of-the-scarlet-pimpernel,read,,
the-true-story-of-ah-q,want,,
the-truth-about-tristrem-varick,read,,
the-tunnel,read,,
the-turing-exception,read,,
the-turmoil,read,,
the-turn-of-the-screw,read,,
the-ultimate-guide-to-beer-cocktails,read,,
the-unbearable-lightness-of-being,want,,
the-uncalled,read,,
the-unconsoled,want,,
the-underground-railroad,want,,
the-unpleasantness-at-the-bellona-club,read,,
the-unwomanly-face-of-war,want,,
the-valley-of-fear,read,,
the-viaduct-murder,read,,
the-vicar-of-wakefield,read,,
the-vicomte-de-bragelonne,read,,
the-vicomte-of-bragelonne,want,,
the-virginian,read,,
the-vital-abyss,read,,
the-voyage-out,read,,
the-voyages-of-doctor-dolittle,read,,
the-warden,read,,
the-water-of-the-wondrous-isles,read,,
the-water-babies,read,,
the-waves,want,,
the-way-we-live-now,want,,
the-way-of-all-flesh,read,,
the-way-of-the-world,read,,
the-well-at-the-world-s-end,read,,
the-well-of-loneliness,read,,
the-white-feather,read,,
the-wild-asss-skin,want,,
the-wild-duck,want,,
the-wild-palms,want,,
the-wind-in-the-willows,read,,
the-wind-up-bird-chronicle,want,,
the-wings-of-the-dove,read,,
the-winter-of-our-discontent,want,,
the-wisdom-of-father-brown,read,,
the-woman-in-white,want,,
the-wonderful-adventures-of-nils,read,,
the-wonderful-visit,read,,
the-wonderful-wizard-of-oz,read,,
the-wood-beyond-the-world,read,,
the-woodlanders,read,,
the-worst-journey-in-the-world,read,,
the-wrong-letter,read,,
the-wyvern-mystery,read,,
the-young-visiters,read,,
their-eyes-were-watching-god,want,,
theodore-savage,read,,
these-old-shades,read,,
they-re-not-like-us-1,read,,
thieves-world-volume-one,read,,
thieves-world-volume-two,read,,
things-fall-apart,want,,
think-stats,read,,
think-tank-1,read,,
this-mournable-body,want,,
this-side-of-paradise,want,,
those-barren-leaves,read,,
those-who-leave-and-those-who-stay,want,,
thousand-cranes,want,,
three-lives,read,,
three-men-in-a-boat,read,,
three-sisters,want,,
three-tales,want,,
through-the-brazilian-wilderness,read,,
through-the-looking-glass,read,,
thus-were-their-faces,want,,
thuvia-maid-of-mars,read,,
tiamat-s-wrath,read,,
ticket-no,read,,
tiffany-aching-complete-5-book-collection,read,,
time-regained,want,,
time-series-databases,read,,
to-build-a-fire,read,,
to-the-lighthouse,want,,
toilers-of-the-sea,want,,
tom-brown-s-school-days,read,,
tom-jones,want,,
tombstone,read,,
tono-bungay,read,,
too-loud-a-solitude,want,,
tortilla-flat,want,,
tracks-in-the-snow,read,,
train-dreams,want,,
transcendent-kingdom,want,,
transformers-robots-in-disguise-1,read,,
transit,want,,
treasure-island,read,,
tree-of-smoke,want,,
trent-s-last-case,read,,
trial,want,,
trilby,read,,
troilus-and-criseyde,want,,
true-history-of-the-kelly-gang,want,,
turned-book-1-in-the-vampire-journals,read,,
tusculan-disputations,read,,
twelve-years-a-slave,read,,
twenty-years-after,want,,
twenty-years-at-hull-house,read,,
typee,read,,
u-s-a-trilogy,want,,
ukridge-stories,read,,
ulysses-2,want,,
ulysses,want,,
uncle-silas,read,,
uncle-tom-s-cabin,read,,
under-the-light-of-a-full-moon,read,,
under-western-eyes,want,,
under-the-greenwood-tree,want,,
understanding-industrial-design-principles-for-ux-and-interaction-design,read,,
understood-betsy,read,,
underworld,want,,
uneasy-money,read,,
unnatural-death,read,,
unspoken-sermons,read,,
up-from-slavery,read,,
upgrade,read,,
utopia,want,,
v,want,,
valperga,want,,
vanity-fair,want,,
vathek,read,,
velvet-1,read,,
vertigo,want,,
victory,want,,
vigilant,read,,
vikram-and-the-vampire,read,,
villette,want,,
vineland,want,,
voices-from-chernobyl,want,,
voss,want,,
waiting-for-the-barbarians,want,,
wallenstein,want,,
war-and-peace-2,want,,
war-and-peace,want,,
ward-no-6,want,,
water-margin,want,,
waverley,want,,
wet-magic,read,,
what-is-art,want,,
what-s-wrong-with-the-world,read,,
when-god-laughs,read,,
when-we-were-orphans,want,,
when-the-world-shook,read,,
where-angels-fear-to-tread,read,,
white-fang,read,,
white-noise,want,,
whose-body,read,,
wielding-a-red-sword,read,,
wilhelm-meisters-apprenticeship,want,,
william-tell,want,,
william-an-englishman,read,,
winesburg-ohio,read,,
winnie-the-pooh,read,,
wired-love,read,,
wise-blood,want,,
with-fire-and-sword,read,,
with-a-tangled-skein,read,,
wives-and-daughters,want,,
wizard-of-the-crow,want,,
wolf-hall,want,,
woman-at-point-zero,want,,
women-in-love,want,,
wonderful-adventures-of-mrs,read,,
wool,read,,
world-light,want,,
world-s-end,read,,
wuthering-heights,want,,
xenocide,read,,
yama,read,,
yashka,read,,
you-can-t-win,read,,
young-t-rless,want,,
zadig,want,,
zaphod-beeblebrox-s-brain-and-the-59th-row-of-pascal-s-triangle,read,,
zone-one,want,,
zuleika-dobson,read,,
zuni-folktales,read,,
aumf-02112015,read,,
jules-verne-topsy-turvy,read,,
sinclair-lewis-arrowsmith-advanced,read,,
gua-viva,want,,
a-course-in-arithmetic,want,,
a-mathematicians-apology,want,,
algebra-2,want,,
algebra,want,,
algebraic-geometry,want,,
category-theory-for-the-working-mathematician,want,,
category-theory-in-context,want,,
concrete-mathematics-3,want,,
disquisitiones-arithmeticae,want,,
elements,want,,
elements-of-mathematics,want,,
flatland,want,,
geometry,want,,
g-dels-proof,want,,
how-to-solve-it,want,,
introduction-to-algorithms-3,want,,
introduction-to-probability,want,,
introduction-to-smooth-manifolds,want,,
introduction-to-topology,want,,
introduction-to-the-theory-of-numbers,want,,
linear-algebra-done-right,want,,
mathematical-thought-from-ancient-to-modern-times,want,,
mathematics-and-plausible-reasoning,want,,
mathematics-and-the-imagination,want,,
mathematics-for-the-nonmathematician,want,,
measure-theory,want,,
opticks,want,,
philosophi-naturalis-principia-mathematica,want,,
principia-mathematica,want,,
principles-of-mathematical-analysis,want,,
probability-theory,want,,
proofs-and-refutations,want,,
science-and-hypothesis,want,,
set-theory,want,,
the-foundations-of-science,want,,
the-princeton-companion-to-mathematics,want,,
topology,want,,
visual-complex-analysis,want,,
what-is-mathematics-2,want,,
what-is-mathematics,want,,
city-of-god,want,,
confessions,want,,
cur-deus-homo,want,,
guide-for-the-perplexed,want,,
itinerarium-mentis-in-deum,want,,
proslogion,want,,
selected-writings,want,,
summa-contra-gentiles,want,,
summa-theologica,want,,
the-book-of-healing,want,,
the-cloud-of-unknowing,want,,
the-incoherence-of-the-incoherence,want,,
a-judgement-in-stone,want,,
a-man-lay-dead,want,,
a-rage-in-harlem,want,,
a-red-death,want,,
a-study-in-scarlet,want,,
an-unsuitable-job-for-a-woman,want,,
and-then-there-were-none,want,,
artists-in-crime,want,,
broken-harbor,want,,
children-of-men,want,,
curtain,want,,
dark-places,want,,
death-comes-to-pemberley,want,,
death-in-a-white-tie,want,,
death-on-the-nile,want,,
deep-water,want,,
detective-comics-1937-2011-27,read,,
devil-in-a-blue-dress,want,,
faceless-killers,want,,
farewell-my-lovely,want,,
five-little-pigs,want,,
gaudy-night,want,,
gone-girl,want,,
in-the-woods,want,,
indemnity-only,want,,
l-a-confidential,want,,
lord-arthur-savile-s-crime-and-other-stories,read,,
malice,want,,
murder-must-advertise,want,,
murder-on-the-orient-express,want,,
red-harvest,want,,
ripley-under-ground,want,,
roseanna,want,,
sharp-objects,want,,
strangers-on-a-train,want,,
strong-poison,want,,
the-abc-murders,want,,
the-adventures-of-sherlock-holmes,want,,
the-big-sleep,want,,
the-black-dahlia,want,,
the-charing-cross-mystery,read,,
the-chill,want,,
the-dain-curse,want,,
the-devotion-of-suspect-x,want,,
the-fashion-in-shrouds,want,,
the-fifth-woman,want,,
the-galton-case,want,,
the-girl-who-kicked-the-hornets-nest,want,,
the-girl-who-played-with-fire,want,,
the-girl-with-the-dragon-tattoo,want,,
the-hound-of-the-baskervilles,want,,
the-lady-in-the-lake,want,,
the-laughing-policeman,want,,
the-likeness,want,,
the-long-goodbye,want,,
the-maltese-falcon,want,,
the-memoirs-of-sherlock-holmes,want,,
the-moving-target,want,,
the-murder-of-roger-ackroyd,want,,
the-mystery-of-the-yellow-room,read,,
the-nine-tailors,want,,
the-real-cool-killers,want,,
the-return-of-sherlock-holmes,want,,
the-sea-mystery,read,,
the-secret-of-the-caves,read,,
the-shore-road-mystery,read,,
the-sign-of-four,want,,
the-talented-mr-ripley,want,,
the-thin-man,want,,
the-tiger-in-the-smoke,want,,
the-x-files-season-10-1,read,,
a-question-of-power,want,,
almanac-of-the-dead,want,,
border-town,want,,
brothers,want,,
ceremony,want,,
coolie,want,,
epic-of-gilgamesh,want,,
fantasia-an-algerian-cavalcade,want,,
folktales-from-india,want,,
frontier,want,,
godaan,want,,
house-made-of-dawn,want,,
imaginary-maps,want,,
kiss-of-the-fur-queen,want,,
kitchen,want,,
layla-and-majnun,want,,
leo-africanus,want,,
love-medicine,want,,
malgudi-days,want,,
masnavi,want,,
midnights-children-2,want,,
mother-of-1084,want,,
one-thousand-and-one-nights,want,,
pather-panchali,want,,
samarkand,want,,
sea-of-poppies,want,,
shahnameh,want,,
shalimar-the-clown,want,,
speaking-of-siva,want,,
strange-weather-in-tokyo,want,,
swami-and-friends,want,,
the-box-man,want,,
the-bustan,want,,
the-gift-of-a-cow,want,,
the-glass-palace,want,,
the-god-of-small-things,want,,
the-guide,want,,
the-gulistan,want,,
the-ministry-of-utmost-happiness,want,,
the-round-house,want,,
the-salt-eaters,want,,
the-satanic-verses,want,,
the-shadow-lines,want,,
the-woman-in-the-dunes,want,,
to-live,want,,
tracks,want,,
untouchable,want,,
bhagavad-gita,want,,
black-skin-white-masks,want,,
culture-and-imperialism,want,,
decolonising-the-mind,want,,
discourse-on-colonialism,want,,
han-feizi,want,,
i-ching,want,,
jnana-yoga,want,,
mahabharata,want,,
mencius,want,,
moving-the-centre,want,,
mozi,want,,
mulamadhyamakakarika,want,,
nationalism,want,,
principal-upanishads,want,,
raja-yoga,want,,
ramayana,want,,
representations-of-the-intellectual,want,,
sadhana,want,,
sh-b-genz,want,,
tao-te-ching,want,,
the-book-of-five-rings,want,,
the-human-cycle,want,,
the-life-divine,want,,
the-ten-stages-of-the-development-of-mind,want,,
the-way-of-the-bodhisattva,want,,
the-wretched-of-the-earth,want,,
xunzi,want,,
yoga-sutras,want,,
zhuangzi,want,,
arthashastra,want,,
bushido-the-soul-of-japan,want,,
dream-of-the-red-chamber,want,,
journey-to-the-west,want,,
records-of-the-grand-historian,want,,
romance-of-the-three-kingdoms,want,,
shahnameh-2,want,,
the-analects,want,,
the-art-of-war-2,want,,
the-book-of-five-rings-2,want,,
the-muqaddimah,want,,
the-tale-of-genji,want,,
a-history-of-western-philosophy,want,,
a-letter-concerning-toleration,want,,
a-secular-age,want,,
a-theory-of-justice,want,,
a-thousand-plateaus,want,,
a-treatise-concerning-the-principles-of-human-knowledge,want,,
a-treatise-of-human-nature,want,,
a-voice-from-the-south,read,,
adventures-of-ideas,want,,
after-virtue-2,want,,
after-virtue,want,,
an-enquiry-concerning-human-understanding,want,,
an-enquiry-concerning-the-principles-of-morals,want,,
an-essay-concerning-human-understanding,want,,
anarchy-state-and-utopia,want,,
animal-liberation,want,,
anti-oedipus,want,,
apology,want,,
basic-writings,want,,
behemoth,want,,
being-and-nothingness-2,want,,
being-and-nothingness,want,,
being-and-time-2,want,,
being-and-time,want,,
between-past-and-future,want,,
beyond-good-and-evil-2,want,,
beyond-good-and-evil,want,,
bodies-that-matter,want,,
cartesian-meditations,want,,
categories,want,,
charmides,want,,
concluding-unscientific-postscript,want,,
confessions-2,want,,
conjectures-and-refutations,want,,
contingency-irony-and-solidarity,want,,
cosmopolitanism,want,,
creating-capabilities,want,,
creative-evolution,want,,
critical-mass,read,,
critique-of-dialectical-reason,want,,
critique-of-judgment,want,,
critique-of-practical-reason,want,,
critique-of-pure-reason-2,want,,
critique-of-pure-reason,want,,
crito,want,,
daybreak,want,,
de-cive,want,,
democracy-and-social-ethics,read,,
desire-in-language,want,,
dialectic-of-enlightenment,want,,
dialogues-concerning-natural-religion,want,,
difference-and-repetition,want,,
discipline-and-punish-2,want,,
discipline-and-punish,want,,
discourse-on-metaphysics,want,,
discourse-on-method,want,,
discourse-on-the-method,want,,
discourse-on-the-origin-of-inequality,want,,
discourses,want,,
ecce-homo,want,,
eclipse-of-reason,want,,
eichmann-in-jerusalem,want,,
either-or,want,,
enchiridion,want,,
encyclopaedia-of-the-philosophical-sciences,want,,
eros-and-civilization,want,,
ethics-2,want,,
ethics,want,,
ethics-and-the-limits-of-philosophy,want,,
euthyphro,want,,
existentialism-is-a-humanism,want,,
fear-and-trembling,want,,
from-a-logical-point-of-view,want,,
gender-trouble,want,,
genealogy-of-morals,want,,
generation-of-animals,want,,
gorgias,want,,
gravity-and-grace,want,,
groundwork-of-the-metaphysics-of-morals-2,want,,
groundwork-of-the-metaphysics-of-morals,want,,
hayy-ibn-yaqzan,want,,
history-of-animals,want,,
history-of-sexuality-volume-1,want,,
human-all-too-human,want,,
ideas-pertaining-to-a-pure-phenomenology,want,,
illuminations,want,,
intention,want,,
introduction-to-metaphysics,want,,
ion,want,,
justice-whats-the-right-thing-to-do,want,,
knowledge-and-human-interests,want,,
language-truth-and-logic,want,,
laws,want,,
lectures-on-the-philosophy-of-history,want,,
letter-to-menoeceus,want,,
letters-from-a-stoic,want,,
leviathan,want,,
liberalism-and-the-limits-of-justice,want,,
logical-investigations,want,,
lysis,want,,
madness-and-civilization,want,,
margins-of-philosophy,want,,
marriage-and-morals,want,,
matter-and-memory,want,,
meaning-and-necessity,want,,
meditations-2,want,,
meditations,want,,
meditations-on-first-philosophy,want,,
meditations-on-quixote,want,,
memoirs-of-a-dutiful-daughter,want,,
meno,want,,
metaphysics,want,,
mind-and-cosmos,want,,
mind-language-and-society,want,,
minima-moralia,want,,
modern-moral-philosophy,want,,
monadology,want,,
monologion,want,,
mortal-questions,want,,
myth-of-sisyphus,want,,
naming-and-necessity,want,,
natural-goodness,want,,
nausea,want,,
necropolitics,want,,
negative-dialectics,want,,
new-essays-on-human-understanding,want,,
nicomachean-ethics,want,,
nietzsche-and-philosophy,want,,
on-anger,want,,
on-being-and-essence,want,,
on-benefits,want,,
on-certainty,want,,
on-christian-doctrine,want,,
on-clemency,want,,
on-free-choice-of-the-will,want,,
on-interpretation,want,,
on-revolution,want,,
on-what-matters,want,,
on-the-basis-of-morality,want,,
on-the-genealogy-of-morals,want,,
on-the-nature-of-things,want,,
on-the-postcolony,want,,
on-the-shortness-of-life,want,,
on-the-soul,want,,
one-dimensional-man,want,,
oneself-as-another,want,,
otherwise-than-being,want,,
our-knowledge-of-the-external-world,want,,
parerga-and-paralipomena,want,,
parmenides,want,,
parts-of-animals,want,,
passions-of-the-soul,want,,
pens-es,want,,
perpetual-peace,want,,
phaedo,want,,
phaedrus,want,,
phenomenology-of-perception,want,,
phenomenology-of-spirit-2,want,,
phenomenology-of-spirit,want,,
philebus,want,,
philosophical-explanations,want,,
philosophical-fragments,want,,
philosophical-investigations-2,want,,
philosophical-investigations,want,,
philosophical-works,read,,
philosophical-writings-of-peirce,want,,
philosophy-and-the-mirror-of-nature,want,,
philosophy-of-existence,want,,
philosophy-of-right,want,,
physics,want,,
political-liberalism,want,,
political-treatise,want,,
politics,want,,
posterior-analytics,want,,
powers-of-horror,want,,
practical-ethics,want,,
pragmatism,want,,
principal-doctrines,want,,
principia-ethica,want,,
principia-mathematica-2,want,,
principles-of-philosophy,want,,
principles-of-psychology,want,,
prior-analytics,want,,
problems-of-philosophy,want,,
process-and-reality,want,,
prolegomena-to-any-future-metaphysics,want,,
proslogion-2,want,,
protagoras,want,,
provincial-letters,want,,
psychopolitics,want,,
race-matters,want,,
reason-truth-and-history,want,,
reasons-and-persons-2,want,,
reasons-and-persons,want,,
religion-within-the-bounds-of-bare-reason,want,,
remarks-on-the-foundations-of-mathematics,want,,
repetition,want,,
republic,want,,
reveries-of-the-solitary-walker,want,,
rhetoric,want,,
rules-for-the-direction-of-the-mind,want,,
science-and-the-modern-world,want,,
science-of-logic,want,,
some-thoughts-concerning-education,want,,
sophist,want,,
sources-of-the-self,want,,
specters-of-marx,want,,
speculum-of-the-other-woman,want,,
speech-acts,want,,
statesman,want,,
symposium,want,,
the-american-evasion-of-philosophy,want,,
the-antichrist,want,,
the-arcades-project,want,,
the-archaeology-of-knowledge,want,,
the-birth-of-tragedy,want,,
the-birth-of-the-clinic,want,,
the-blue-and-brown-books,want,,
the-burnout-society,want,,
the-collapse-of-the-fact-value-dichotomy,want,,
the-consolation-of-philosophy,want,,
the-construction-of-social-reality,want,,
the-crisis-of-european-sciences-and-transcendental-phenomenology,want,,
the-eclogues,read,,
the-enneads,want,,
the-ethics-of-ambiguity,want,,
the-expanding-circle,want,,
the-fragility-of-goodness,want,,
the-gay-science,want,,
the-guide-for-the-perplexed,want,,
the-human-condition,want,,
the-journey-of-the-mind-to-god,want,,
the-law-of-peoples,want,,
the-lies-that-bind,want,,
the-logic-of-scientific-discovery,want,,
the-logical-structure-of-the-world,want,,
the-myth-of-sisyphus,want,,
the-natural-history-of-religion,want,,
the-need-for-roots,want,,
the-open-society-and-its-enemies,want,,
the-order-of-things,want,,
the-origin-and-goal-of-history,want,,
the-origins-of-totalitarianism,want,,
the-plague,want,,
the-poetics-of-space,want,,
the-poverty-of-historicism,want,,
the-problems-of-philosophy,want,,
the-production-of-space,want,,
the-psychoanalysis-of-fire,want,,
the-public-and-its-problems,read,,
the-question-concerning-technology,want,,
the-rebel,want,,
the-republic,want,,
the-revolt-of-the-masses,want,,
the-second-sex,want,,
the-sickness-unto-death,want,,
the-social-contract,want,,
the-sovereignty-of-good,want,,
the-stranger,want,,
the-structural-transformation-of-the-public-sphere,want,,
the-theory-of-communicative-action,want,,
the-transparency-society,want,,
the-two-sources-of-morality-and-religion,want,,
the-varieties-of-religious-experience,want,,
the-view-from-nowhere,want,,
the-virtuous-city,want,,
the-visible-and-the-invisible,want,,
the-will-to-believe,want,,
the-world-as-will-and-representation,want,,
theaetetus,want,,
theodicy,want,,
theological-political-treatise,want,,
theses-on-the-philosophy-of-history,want,,
this-sex-which-is-not-one,want,,
three-dialogues-between-hylas-and-philonous,want,,
thus-spoke-zarathustra-2,want,,
thus-spoke-zarathustra,want,,
timaeus,want,,
time-and-free-will,want,,
time-and-narrative,want,,
totality-and-infinity,want,,
tractatus-logico-philosophicus-2,want,,
tractatus-logico-philosophicus,want,,
treatise-of-human-nature,want,,
truth-and-truthfulness,want,,
twilight-of-the-idols,want,,
two-treatises-of-government,want,,
undoing-gender,want,,
unto-this-last,read,,
upheavals-of-thought,want,,
utilitarianism,want,,
vatican-sayings,want,,
virtues-and-vices,want,,
waiting-for-god,want,,
what-does-it-all-mean,want,,
whose-justice-which-rationality,want,,
why-i-am-not-a-christian,want,,
word-and-object,want,,
works-of-love,want,,
writing-and-difference,want,,
mile-or-on-education,want,,
a-coney-island-of-the-mind,want,,
a-cycle-of-the-west,read,,
a-daughter-of-eve,read,,
a-season-in-hell,want,,
a-visit-from-st,read,,
adonais,want,,
annie-allen,want,,
ariel,want,,
aurora-leigh,want,,
autobiography-of-red,want,,
averno,want,,
biographia-literaria,want,,
birthday-letters,want,,
book-of-blues,want,,
call-me-ishmael-tonight,want,,
canto-general,want,,
canzoniere,want,,
cathay,want,,
childe-harolds-pilgrimage,want,,
children-of-memory,read,,
collected-poems-2,want,,
collected-poems-3,want,,
collected-poems-4,want,,
collected-poems-5,want,,
collected-poems-6,want,,
collected-poems-7,want,,
complete-poems,want,,
crow,want,,
devotions-upon-emergent-occasions,want,,
divine-comedy-2,want,,
diving-into-the-wreck,want,,
don-juan,want,,
drum-taps,want,,
duino-elegies,want,,
endymion,want,,
four-quartets,want,,
gasoline,want,,
gitanjali,want,,
glass-irony-and-god,want,,
gypsy-ballads,want,,
harmonium,want,,
holy-sonnets,want,,
howl,want,,
howl-and-other-poems,want,,
hugh-selwyn-mauberley,want,,
hyperion,want,,
idylls-of-the-king,want,,
illuminations-2,want,,
in-memoriam-a-h-h,want,,
jerusalem,want,,
kaddish,want,,
kubla-khan,want,,
lais,read,,
lament-for-ignacio-s-nchez-mej-as,want,,
leaves-of-grass,want,,
les-fleurs-du-mal,want,,
letters-to-a-young-poet,want,,
lyrical-ballads,want,,
manfred,want,,
memory-for-forgetfulness,want,,
men-and-women,want,,
metamorphoses,want,,
mexico-city-blues,want,,
milton,want,,
montage-of-a-dream-deferred,want,,
new-hampshire,want,,
night-sky-with-exit-wounds,want,,
north,want,,
north-of-boston,want,,
observations,want,,
odes-3,want,,
omeros,want,,
opened-ground,want,,
ozymandias-and-other-poems,want,,
paradise-lost-2,want,,
paradise-regained,want,,
paris-spleen,want,,
paterson,want,,
poem-without-a-hero,want,,
poems-2,want,,
poems-on-various-subjects-religious-and-moral,read,,
poet-in-new-york,want,,
po-mes-saturniens,want,,
po-sies,want,,
prometheus-unbound,want,,
prufrock-and-other-observations,want,,
requiem,want,,
residence-on-earth,want,,
riprap,want,,
romances-sans-paroles,want,,
rooms-are-never-finished,want,,
selected-haiku,want,,
selected-poems-10,want,,
selected-poems-11,want,,
selected-poems-12,want,,
selected-poems-13,want,,
selected-poems-14,want,,
selected-poems-15,want,,
selected-poems-16,want,,
selected-poems-17,want,,
selected-poems-2,want,,
selected-poems-3,want,,
selected-poems-4,want,,
selected-poems-5,want,,
selected-poems-6,want,,
selected-poems-7,want,,
selected-poems-8,want,,
selected-poems-9,want,,
she,read,,
songs-and-sonnets,want,,
songs-of-innocence-and-experience,want,,
songs-of-innocence-and-of-experience,want,,
songs-of-a-sourdough,read,,
sonnets-from-the-portuguese,want,,
sonnets-to-orpheus,want,,
spoon-river-anthology,read,,
spring-and-all,want,,
station-island,want,,
stone,want,,
sunstone,want,,
the-aeneid,want,,
the-auroras-of-autumn,want,,
the-book-of-seventy,want,,
the-book-of-the-dead,want,,
the-cantos,want,,
the-captive-mind,want,,
the-complete-poems,want,,
the-dream-of-a-common-language,want,,
the-happy-birthday-of-death,want,,
the-iliad,want,,
the-inferno,read,,
the-kalevala,read,,
the-labyrinth-of-solitude,want,,
the-marriage-of-heaven-and-hell,want,,
the-narrow-road-to-the-deep-north,want,,
the-odyssey,want,,
the-prelude,want,,
the-rime-of-the-ancient-mariner,want,,
the-ring-and-the-book,want,,
the-rub-iy-t-of-omar-khayy-m,read,,
the-temple,want,,
the-tower,want,,
the-waste-land,want,,
the-weary-blues,want,,
the-wild-iris,want,,
the-winding-stair,want,,
theogony,want,,
time-is-a-mother,want,,
twenty-love-poems-and-a-song-of-despair,want,,
unfortunately-it-was-paradise,want,,
works-and-days,want,,
capital-vol-1-2,want,,
anarchy-state-and-utopia-2,want,,
art-of-not-being-governed,want,,
black-marxism,want,,
capital-volume-i,want,,
capital-volume-ii,want,,
capital-volume-iii,want,,
communist-manifesto,want,,
considerations-on-representative-government,want,,
democracy-in-america,want,,
discourses-on-livy-2,want,,
human-condition,want,,
idea-of-justice,want,,
leviathan-2,want,,
on-liberty-2,want,,
on-liberty,want,,
on-the-political,want,,
open-society-and-its-enemies,want,,
origins-of-totalitarianism,want,,
persian-letters,want,,
political-liberalism-2,want,,
political-theology,want,,
politics-and-vision,want,,
reflections-on-the-revolution-in-france,want,,
seeing-like-a-state,want,,
selections-from-the-prison-notebooks,want,,
social-contract,want,,
state-and-revolution,want,,
the-communist-manifesto,want,,
the-concept-of-representation,want,,
the-concept-of-the-political,want,,
the-democratic-paradox,want,,
the-eighteenth-brumaire-of-louis-bonaparte,want,,
the-federalist-papers,want,,
the-german-ideology,want,,
the-hedgehog-and-the-fox,want,,
the-liberty-of-ancients-compared-with-that-of-moderns,want,,
the-managerial-revolution,want,,
the-old-regime-and-the-revolution,want,,
the-prince,want,,
the-spirit-of-the-laws,want,,
the-subjection-of-women,want,,
theory-of-justice,want,,
two-concepts-of-liberty,want,,
two-treatises-of-government-2,want,,
what-is-to-be-done,want,,
thinking-fast-and-slow-2,want,,
a-history-of-religious-ideas,want,,
adam-eve-and-the-serpent,want,,
dark-night-of-the-soul,want,,
institutes-of-the-christian-religion,want,,
ninety-five-theses,want,,
on-the-freedom-of-a-christian,want,,
selections-from-the-talmud,want,,
tanakh,want,,
the-ascent-of-mount-carmel,want,,
the-bondage-of-the-will,want,,
the-gnostic-gospels,want,,
the-imitation-of-christ,want,,
the-interior-castle,want,,
the-life-of-teresa-of-jesus,want,,
the-marriage-of-east-and-west,want,,
the-new-testament,want,,
the-quran,want,,
the-sacred-and-the-profane,want,,
a-brief-history-of-time,want,,
a-vindication-of-the-rights-of-woman,read,,
beginning-of-infinity,want,,
brief-history-of-time,want,,
climbing-mount-improbable,want,,
consilience,want,,
cosmos,want,,
darkwater,read,,
downstream,read,,
elegant-universe,want,,
exit-strategies-and-state-building,read,,
fire-and-fury,read,,
genius,want,,
global-environmental-politics,read,,
on-the-origin-of-species,want,,
origin-of-species,want,,
pale-blue-dot,want,,
polynesian-mythology,read,,
qed,want,,
roads-to-freedom,read,,
silent-spring,want,,
sociobiology,want,,
structure-of-scientific-revolutions,want,,
surely-youre-joking-mr-feynman,want,,
the-blind-watchmaker,want,,
the-demon-haunted-world,want,,
the-descent-of-man,want,,
the-diversity-of-life,want,,
the-double-helix,want,,
the-elegant-universe,want,,
the-feynman-lectures-on-physics,want,,
the-golden-triangle,read,,
the-information,want,,
the-mismeasure-of-man,want,,
the-pandas-thumb,want,,
the-sea-around-us,want,,
the-secret-house,read,,
the-selfish-gene,want,,
the-structure-of-scientific-revolutions-2,want,,
the-structure-of-scientific-revolutions,want,,
the-voyage-of-the-beagle,want,,
women-and-economics,read,,
wonderful-life,want,,
2001-a-space-odyssey,want,,
2312,want,,
a-canticle-for-leibowitz,want,,
a-civil-campaign,want,,
a-deepness-in-the-sky,want,,
a-door-into-ocean,want,,
a-fire-upon-the-deep,want,,
a-night-in-the-lonesome-october,want,,
a-psalm-for-the-wild-built,want,,
a-scanner-darkly,want,,
abaddons-gate,want,,
acceptance,want,,
adulthood-rites,want,,
against-the-fall-of-night,want,,
all-clear,want,,
all-systems-red,want,,
all-tomorrows-parties,want,,
always-coming-home,want,,
ancestral-night,want,,
animal-farm,want,,
annihilation,want,,
around-the-world-in-eighty-days,want,,
artificial-condition,want,,
attack-surface,want,,
aurora,want,,
authority,want,,
autonomous,want,,
axiomatic,want,,
babel-17,want,,
ball-lightning,want,,
barrayar,want,,
beggars-in-spain,want,,
behemoth-2,want,,
beyond-thirty,read,,
binti,want,,
blackout,want,,
blood-music,want,,
blue-mars,want,,
borne,want,,
brasyl,want,,
brave-new-world,read,,
brightness-falls-from-the-air,want,,
calibans-war,want,,
chapterhouse-dune,want,,
childhoods-end,want,,
children-of-god,want,,
citizen-of-the-galaxy,want,,
city-of-illusions,want,,
clays-ark,want,,
consider-phlebas,want,,
crash,want,,
creatures-of-light-and-darkness,want,,
cryptonomicon,want,,
cyteen,want,,
dandelion-wine,want,,
darwins-radio,want,,
darwinia,want,,
dawn,want,,
destination-void,want,,
dhalgren,want,,
dispossessed,want,,
distraction,want,,
do-androids-dream-of-electric-sheep,want,,
doomsday-book,want,,
double-star,want,,
downbelow-station,want,,
dune,read,,Classic sci-fi
dust,want,,
earthlight,want,,
echopraxia,want,,
elder-race,want,,
empire-of-the-sun,want,,
eon,want,,
fahrenheit-451,read,,
fairyland,want,,
fire-upon-the-deep,want,,
fledgling,want,,
flow-my-tears-the-policeman-said,want,,
foreigner,want,,
forge-of-god,want,,
forward-the-foundation,want,,
foundation,read,,
foundation-and-earth,want,,
foundations-edge,want,,
frankenstein,want,,
friday,want,,
from-the-earth-to-the-moon,want,,
god-emperor-of-dune,want,,
green-mars,want,,
hard-to-be-a-god,want,,
hardwired,want,,
he-she-and-it,want,,
heart-of-a-dog,want,,
helliconia-spring,want,,
helliconia-summer,want,,
helliconia-winter,want,,
her-smoke-rose-up-forever,want,,
heretics-of-dune,want,,
high-rise,want,,
his-masters-voice,want,,
holy-fire,want,,
how-to-suppress-womens-writing,want,,
hyperion-2,want,,
i-robot,read,,
idoru,want,,
imago,want,,
inverted-world,want,,
iron-council,want,,
island,want,,
islands-in-the-net,want,,
journey-to-the-center-of-the-earth,want,,
kindred,want,,
klara-and-the-sun,want,,
lagoon,want,,
last-and-first-men,want,,
left-hand-of-darkness,want,,
leviathan-wakes,want,,
light,want,,
little-brother,want,,
look-to-windward,want,,
lord-of-light,want,,
maddaddam,want,,
maelstrom,want,,
martian-time-slip,want,,
matter,want,,
memoirs-found-in-a-bathtub,want,,
merchanters-luck,want,,
mind-of-my-mind,want,,
ministry-for-the-future,want,,
mirror-dance,want,,
monday-starts-on-saturday,want,,
more-than-human,want,,
network-effect,want,,
neuromancer,read,,
never-let-me-go,want,,
nightfall-and-other-stories,want,,
ninefox-gambit,want,,
nineteen-eighty-four,want,,
non-stop,want,,
norstrilia,want,,
nova,want,,
nova-swing,want,,
odd-john,want,,
oryx-and-crake,want,,
out-of-the-silent-planet,want,,
parable-of-the-sower,want,,
parable-of-the-talents,want,,
pattern-recognition,want,,
patternmaster,want,,
peace,want,,
pebble-in-the-sky,want,,
perelandra,want,,
perhaps-the-stars,want,,
planet-of-exile,want,,
player-of-games,want,,
prelude-to-foundation,want,,
quarantine,want,,
r-u-r,want,,
rainbows-end,want,,
raven-stratagem,want,,
record-of-a-spaceborn-few,want,,
red-mars,want,,
rendezvous-with-rama,want,,
revenant-gun,want,,
river-of-gods,want,,
roadmarks,want,,
roadside-picnic,want,,
robots-and-empire,want,,
rocannons-world,want,,
schilds-ladder,want,,
schismatrix,want,,
sea-of-tranquility,want,,
seven-surrenders,want,,
seveneves,want,,
shards-of-honor,want,,
sirius,want,,
snow-crash,read,,
solaris-2,want,,
solaris,want,,
something-wicked-this-way-comes,want,,
spin,want,,
stand-on-zanzibar,want,,
star-maker-2,want,,
star-maker,want,,
starfish,want,,
stars-in-my-pocket-like-grains-of-sand,want,,
starship-troopers,want,,
station-eleven,want,,
stations-of-the-tide,want,,
stranger-in-a-strange-land,want,,
supernova-era,want,,
termination-shock,want,,
that-hideous-strength,want,,
the-baroque-cycle,want,,
the-beginning-place,want,,
the-book-of-the-long-sun,want,,
the-cassini-division,want,,
the-caves-of-steel,want,,
the-citadel-of-the-autarch,want,,
the-city-and-the-stars,want,,
the-claw-of-the-conciliator,want,,
the-crystal-world,want,,
the-curse-of-chalion,want,,
the-cyberiad,want,,
the-demolished-man,want,,
the-diamond-age,want,,
the-door-into-summer,want,,
the-dosadi-experiment,want,,
the-dreaming-jewels,want,,
the-drowned-world,want,,
the-end-of-eternity,want,,
the-female-man,want,,
the-fifth-head-of-cerberus,want,,
the-first-men-in-the-moon,want,,
the-food-of-the-gods,want,,
the-fountains-of-paradise,want,,
the-futurological-congress,want,,
the-gods-themselves,want,,
the-handmaids-tale,want,,
the-hydrogen-sonata,want,,
the-illustrated-man,want,,
the-invincible,want,,
the-invisible-man,want,,
the-iron-dragons-daughter,want,,
the-island-of-doctor-moreau,want,,
the-lathe-of-heaven,want,,
the-man-in-the-high-castle,want,,
the-martian-chronicles,read,,
the-moon-is-a-harsh-mistress,want,,
the-mysterious-island,want,,
the-naked-sun,want,,
the-peripheral,want,,
the-player-of-games,want,,
the-prestige,want,,
the-puppet-masters,want,,
the-quantum-rose,want,,
the-rediscovery-of-man,want,,
the-robots-of-dawn,want,,
the-shadow-of-the-torturer,want,,
the-shape-of-things-to-come,want,,
the-sheep-look-up,want,,
the-shockwave-rider,want,,
the-sleeper-awakes,want,,
the-sparrow,want,,
the-star-fraction,want,,
the-stars-my-destination,want,,
the-sword-of-the-lictor,want,,
the-telling,want,,
the-terraformers,want,,
the-three-stigmata-of-palmer-eldritch,want,,
the-time-machine,want,,
the-war-of-the-worlds,want,,
the-white-plague,want,,
the-will-to-battle,want,,
the-word-for-world-is-forest,want,,
the-year-of-the-flood,want,,
the-years-of-rice-and-salt,want,,
this-immortal,want,,
three-body-problem,want,,
time-enough-for-love,want,,
time-machine,want,,
time-out-of-joint,want,,
to-say-nothing-of-the-dog,want,,
translation-state,want,,
trouble-on-triton,want,,
true-names,want,,
tunnel-in-the-sky,want,,
twenty-thousand-leagues-under-the-seas,want,,
ubik,want,,
use-of-weapons,want,,
valis,want,,
viriconium,want,,
virtual-light,want,,
walkaway,want,,
war-with-the-newts,want,,
we,want,,
we-who-are-about-to,want,,
who-fears-death,want,,
wild-seed,want,,
witch-king,want,,
woman-on-the-edge-of-time,want,,
advanced-persistent-threat-hacking,want,,
applied-network-security-monitoring,want,,
countdown-to-zero-day,want,,
counter-hack-reloaded,want,,
cryptography-and-network-security,want,,
cyber-war,want,,
cyber-war-will-not-take-place,want,,
dark-territory,want,,
data-and-goliath,want,,
exploiting-software,want,,
firewalls-and-internet-security,want,,
game-hacking,read,,
ghost-in-the-wires-2,want,,
ghost-in-the-wires,want,,
hacking-the-art-of-exploitation-2nd-edition,read,,
handbook-of-applied-cryptography,want,,
how-to-become-a-hacker,want,,
if-its-smart-its-vulnerable,want,,
information-security-economics-and-beyond,want,,
liars-and-outliers,want,,
lies-damned-lies-and-threat-modeling,want,,
network-security-bible,want,,
network-security-private-communication-in-a-public-world,want,,
owasp-asvs,want,,
owasp-testing-guide,want,,
practical-cryptography,want,,
practical-packet-analysis,want,,
practical-unix-and-internet-security,want,,
privacy-on-the-line,want,,
real-world-bug-hunting-a-field-guide-to-web-hacking,read,,
rise-of-the-machines,want,,
ssl-and-the-future-of-authenticity,want,,
sandworm,want,,
security-engineering,want,,
silicon-snake-oil,want,,
skating-on-stilts,want,,
software-security,want,,
the-age-of-surveillance-capitalism,want,,
the-art-of-deception,want,,
the-art-of-intrusion,want,,
the-art-of-invisibility,want,,
the-basics-of-cyber-safety,want,,
the-cuckoos-egg,want,,
the-fifth-domain,want,,
the-hacker-crackdown,want,,
the-hacker-and-the-state,want,,
the-hardware-hacking-handbook,want,,
the-new-fire,want,,
the-practice-of-network-security-monitoring,want,,
the-protection-of-information-in-computer-systems,want,,
the-real-internet-of-things,want,,
the-tao-of-network-security-monitoring,want,,
thinking-security,want,,
this-is-how-they-tell-me-the-world-ends,want,,
this-machine-kills-secrets,want,,
threat-modeling,want,,
web-security-essentials,want,,
why-information-security-is-hard,want,,
windows-internals,want,,
writing-secure-code,want,,
antifragile-2,want,,
diplomacy,want,,
governing-the-commons,want,,
on-war,want,,
strategy-of-conflict,want,,
the-prince-2,want,,
the-tragedy-of-great-power-politics,want,,
applied-cryptography,want,,
intelligence-in-war,want,,
secrets-and-lies,want,,
accelerando,want,,
children-of-dune,want,,
count-zero,want,,
deaths-end,want,,
dune-messiah,want,,
excession,want,,
fall-of-hyperion,want,,
foundation-2,want,,
foundation-and-empire,want,,
glasshouse,want,,
house-of-suns,want,,
mona-lisa-overdrive,want,,
pushing-ice,want,,
revelation-space,want,,
second-foundation,want,,
singularity-sky,want,,
surface-detail,want,,
the-algebraist,want,,
the-causal-angel,want,,
the-cyberiad-2,want,,
the-dark-forest,want,,
the-dispossessed,want,,
the-fractal-prince,want,,
the-left-hand-of-darkness,read,,
the-quantum-thief,want,,
the-three-body-problem,want,,
art-of-war,want,,
on-war-2,want,,
sciences-of-the-artificial,want,,
